item_number,brand_name,shop_type,assessment_num,monthly_sales_num,shop_num,avg_price,monthly_sales,like_num
0,Nike,TB_JISHI,132.076923076923,9220.53846153846,48.6923076923077,1891.92238710826,2587.18846153846,352.846153846154
000,Nike,TB_JISHI,447.833333333333,2712.66666666667,58.6666666666667,424.657759321822,52833.6666666667,2227.16666666667
000000,Nike,TB_JISHI,316.5,2370.75,45.125,805.394865045014,38400.1666666667,1886.25
000001,Nike,TB_JISHI,35.1538461538462,8120.23076923077,3.38461538461538,1353.88461538462,21,44.0769230769231
0001,顺诚,TB_JISHI,1486.09090909091,2580.09090909091,6.63636363636364,37.64329004329,92865.4545454545,739.454545454545
0001,Adidas,TB_TMALL,71,5024,1,1,5024,2
001,嘉仕体育,TB_JISHI,1853.28571428571,3310.35714285714,1,35.7529761904762,118251.8125,3170.42857142857
001,四牌楼一号,TB_JISHI,132.928571428571,3402.92857142857,1,1,3402.92857142857,25
001,dpx,TB_JISHI,2205,10116,1,107.22,1084637.52,1947
0010,other,TB_JISHI,187,1794,1,1,1794,104
002,kaiwei/凯威,TB_TMALL,3120.71428571429,4953,1,2,9906,953.857142857143
0026,1,TB_JISHI,2446,3246.5,1,29,94148.5,1323.75
003,Nike,TB_JISHI,3864.61538461538,2108.53846153846,20.3076923076923,620.449688285571,21647.4923076923,2026.69230769231
00310,taylormade,TB_JISHI,550,6460,1,6.4,41344,575
007,爱萌,TB_JISHI,6313.81818181818,2397.18181818182,1,36.7333333333333,88056.4787878788,3365.81818181818
01,儿童篮球服,TB_JISHI,1166.64705882353,3249.29411764706,1,31,100728.117647059,1528.64705882353
01,yonex/尤尼克斯,TB_JISHI,2036.27272727273,2542,3,535,4036.81818181818,708.454545454545
012,斑点兔,TB_JISHI,1627.33333333333,1800.33333333333,4.66666666666667,61.6,106301.666666667,2162.66666666667
015,coga/酷嘎,TB_JISHI,1514,1510,2,65,98150,1380
0216,361,TB_JISHI,167,2694,1,88,237072,305
022,jiaodian,TB_JISHI,91,2258,1,59,133222,1984
0250,nba,TB_JISHI,3421,4060,1,9.9,40194,1130
0255,nba,TB_JISHI,352,3525,1,5.99,21114.75,433
03,139,TB_JISHI,1425.33333333333,2214.33333333333,1,28,62001.3333333333,16627
043400,Nike,TB_TMALL,19687.4285714286,3239.35714285714,1,141.535714285714,458853.285714286,24826.7142857143
05,非品牌,TB_JISHI,28287.7692307692,9011.38461538462,2,13.9615384615385,89824.6923076923,5362.84615384615
08,非品牌,TB_JISHI,815,3078.5,1,9,27706.5,575.5
08335C,Converse,TB_TMALL,2612,1408,10,133.819515306122,220288.71875,10639
0865,李宁,TB_JISHI,274.714285714286,3682.28571428571,2,82.5,294589.285714286,4713.85714285714
0869,kaiwei/凯威,TB_TMALL,42112.5,1829,1,17.5,32007.5,17669
092,匹克,TB_JISHI,2003.8,2646.2,23.1,44.6360146103896,89356.9,1743
1,nba,TB_JISHI,95.4285714285714,2382.57142857143,2.57142857142857,61.3092261904762,23825.7142857143,10.4285714285714
1,Nike,TB_JISHI,1178.5,1807.5,116.5,9651.40790650894,80401.2172517025,3889
101001,Converse,TB_JISHI,14309.4444444444,4642.66666666667,318.333333333333,201.16515631176,818279.350353542,49302.8888888889
101009 101010 101001 101000,Converse,TB_JISHI,6402,1389,5,242.245098039216,337662.87254902,14030
101010,Converse,TB_JISHI,7942.8,2455.8,326.2,233.627877166687,438997.569876829,41499.4
101586,斯诺克特,TB_TMALL,43114.0714285714,4837.92857142857,1,18.9333333333333,91573.4333333333,13816.2857142857
102307,Converse,TB_JISHI,5225,1344,27,219.777131099353,307665.455555556,19563
1092,对克,TB_JISHI,1146.54545454545,2278.72727272727,1,35,79755.4545454545,3936.63636363636
10s/4,三利,TB_JISHI,1150,3922,3,6.5,23532,1222
11033178-12,鸿星尔克,TB_JISHI,125.857142857143,2578.57142857143,11,79.4805194805195,31679.1428571429,310.571428571429
11033189B,鸿星尔克,TB_TMALL,146822.388888889,4266.33333333333,21.8333333333333,126.43036335257,532638.641666667,186061.277777778
111,Nike,TB_JISHI,183,4721,75.6666666666667,890.74564333196,27072.5968013468,2016
11113301361,鸿星尔克,TB_TMALL,27572.7222222222,3127.72222222222,1.77777777777778,98.3888888888889,306820.277777778,47301.8333333333
11113303387,鸿星尔克,TB_TMALL,125283.333333333,8949.38888888889,6.55555555555556,162.995590828924,1367978.16666667,174852.777777778
11114202387,鸿星尔克,TB_TMALL,2666.22222222222,2894.55555555556,8,111.286331569665,313090.767592593,5558.33333333333
11114203402,鸿星尔克,TB_TMALL,3752.16666666667,5004.66666666667,4.5,100.54037037037,500514.157407407,6732.88888888889
11114203417,鸿星尔克,TB_TMALL,52633.1666666667,4280.88888888889,7.22222222222222,163.210317460317,617599.388888889,72317.5
11114403465,鸿星尔克,TB_TMALL,12796.3333333333,2821,14.6666666666667,158.297435897436,398422.333333333,20213
11115102201,鸿星尔克,TB_TMALL,3138.71428571429,2055.85714285714,20.2857142857143,143.392195474681,258717,5669
11115102471,鸿星尔克,TB_TMALL,10643.8333333333,1886,41.6666666666667,136.217108728994,225799.316666667,11486.1666666667
11115103339,鸿星尔克,TB_TMALL,18107,2498.66666666667,13.3333333333333,134.758547008547,315001.333333333,18850.6666666667
11115103367,鸿星尔克,TB_TMALL,3347.0625,2529.625,21.8125,136.258489883099,267511.208333333,5310.125
11115120152,鸿星尔克,TB_TMALL,42039.8333333333,3415.88888888889,41.6666666666667,196.171950667114,626006.305555556,117921.5
11115120336,鸿星尔克,TB_TMALL,3555.83333333333,3241.66666666667,5.27777777777778,115.127777777778,402777.822222222,8664.22222222222
11116103177,鸿星尔克,TB_TMALL,1427.28571428571,2554.21428571429,52.3571428571429,231.763425453515,416812.995238095,2874.64285714286
11214254548,鸿星尔克,TB_TMALL,2291.16666666667,4594.55555555556,3.05555555555556,31.2834757834758,148895.683760684,3699.44444444444
11214256096,鸿星尔克,TB_TMALL,1001.14285714286,1928.71428571429,12.7142857142857,77.3069160997732,94979.0285714286,1563.57142857143
11214256434,鸿星尔克,TB_TMALL,1524,1439,15,66.1025641025641,50580.3333333333,2571
11215219155,鸿星尔克,TB_TMALL,1421,1421,4,67.6666666666667,98035,2043
1141,nba,TB_JISHI,4980,2502,1,8,20016,1020
11537776,安踏,TB_TMALL,21942.5555555556,2390.61111111111,15.6111111111111,239.356054131054,622329.472222222,45793.2777777778
11538800,安踏,TB_TMALL,29491.3888888889,4382.83333333333,29.4444444444444,224.735305338458,1005603.55392157,62055.7777777778
11611102,安踏,TB_TMALL,7729.11111111111,3543.44444444444,37.4444444444444,259.860857115393,865338.892062425,23308.3888888889
11612202,安踏,TB_TMALL,5432.84615384615,2423.30769230769,13.3076923076923,178.900858790332,433168.837179487,10294.3076923077
11615530,安踏,TB_TMALL,8207,2113.11111111111,43.1111111111111,283.780638433845,558487.995386615,24696.6666666667
11615535,安踏,TB_TMALL,2566,1723.33333333333,34.6666666666667,235.62625115939,388176.472222222,6624
11615587,安踏,TB_TMALL,6531.5,2378.5,18,192.888888888889,449291.5,19054
11618022,安踏,TB_TMALL,8552.22222222222,3570.83333333333,33.1666666666667,169.228380625629,593679.888888889,15307.2222222222
11621304,安踏,TB_TMALL,4818.83333333333,6456.66666666667,42.4444444444444,294.986126439573,1955616.88814617,16771.7222222222
11622202,安踏,TB_TMALL,1681,1518,13,184.363636363636,271710,2933
11625511,安踏,TB_TMALL,2644.6875,2091.5,31.5625,271.620347220339,563577.811572536,6596.5
11625553,安踏,TB_TMALL,3199.17647058824,4452.88235294118,39.1176470588235,177.974161721312,770405.365196078,6594.41176470588
11625588,安踏,TB_TMALL,9294.86666666667,6595.86666666667,38.9333333333333,351.687707357358,2003672.2835868,24294.8
11625588,安踏,TB_JISHI,12079.375,4121.1875,170.3125,310.911555734779,1102883.06881592,17283.8125
11628808,安踏,TB_TMALL,1748,1415,10,279,393669,10508
11631101,安踏,TB_TMALL,690.666666666667,1839.66666666667,16.3333333333333,444.954901960784,629456.333333333,7830.33333333333
11631307,安踏,TB_TMALL,698.666666666667,1809.66666666667,21,228.992051282051,413688,4224.33333333333
1200,五动,TB_JISHI,1734,2484.66666666667,1,33,81994,4252.33333333333
12114203332,鸿星尔克,TB_TMALL,13463.375,2664.1875,12.4375,133.862351190476,351102.6875,33511.0625
12115120425,鸿星尔克,TB_TMALL,1122.78571428571,2729.85714285714,3.78571428571429,103.1125,272306.986904762,4874.64285714286
122211,龙服,TB_JISHI,108.5,1694.5,3.5,82.591725708502,51302.6983805668,19.5
1228539,UNDER ARMOUR,TB_TMALL,7385,1605,2,219,8322,17719
1252531,UNDER ARMOUR,TB_TMALL,1245,2804,1,199,557996,5099
1257468,UNDER ARMOUR,TB_TMALL,19610,3959.25,2,211.5,256248.75,33078.5
12625588,安踏,TB_TMALL,6045.22222222222,3523.61111111111,36.9444444444444,314.170527963052,1024266.50899471,24760.8333333333
13021751:9947697,Nike,TB_JISHI,2382.63636363636,3043.18181818182,60.0909090909091,424.656446204308,942911.197426756,15419.7272727273
130690-002,Air Jordan,TB_JISHI,4192.42857142857,4350.85714285714,364.785714285714,1623.17323904487,6514746.9021948,10131.5714285714
15527781,安踏,TB_TMALL,3986,3105.33333333333,3.33333333333333,105,307428,4485.33333333333
1560008,humbgo/汉邦尚品,TB_TMALL,6336.07142857143,6477.92857142857,2,72.9285714285714,434123.5,5668.71428571429
1560101,humbgo/汉邦尚品,TB_TMALL,11771.9285714286,3088.42857142857,4,70.35,136460.985714286,7574.78571428571
15611744,安踏,TB_TMALL,2656.8,2087.46666666667,11.9333333333333,135.047222222222,272201.033333333,3895.73333333333
15621166,安踏,TB_TMALL,1731.42857142857,2139.14285714286,37.7142857142857,95.4586286254676,193342.25170068,3279.71428571429
15621201,安踏,TB_TMALL,1421.5,1984,37,104.39526751241,189308.985714286,2334.5
15621787,安踏,TB_TMALL,911,1309,18,109.352941176471,142475,1380
15622208,安踏,TB_TMALL,1467.05882352941,2641.64705882353,8,113.443199502023,285801.882352941,3705
15625142,安踏,TB_TMALL,1460.35294117647,2779.82352941176,12.5882352941176,93.3148893160503,246489.030812325,2504.64705882353
15625148,安踏,TB_TMALL,1737.85714285714,2002.57142857143,38.4285714285714,94.3932224394482,185297.15952381,4881
15627141,安踏,TB_TMALL,8232.61111111111,11262.1111111111,30.4444444444444,101.625418044591,1338642.41825397,24481.3888888889
15627740,安踏,TB_TMALL,15296.6111111111,4466.72222222222,26.6111111111111,122.412181772635,520722.82962963,14845.9444444444
15627741,安踏,TB_TMALL,5357.66666666667,2656,17.3333333333333,119.803208341366,300842.752991453,7338.33333333333
15627781,安踏,TB_TMALL,4555.77777777778,2248.33333333333,15.7777777777778,114.782589308028,223309.777777778,4722
15627783,安踏,TB_TMALL,2518.44444444444,3981,26.8888888888889,106.062258543516,422095.996296296,4372.33333333333
15627787,安踏,TB_TMALL,1627.26666666667,2658.13333333333,17.9333333333333,94.8978297652964,251065.104444444,2651.46666666667
15628144,安踏,TB_TMALL,2565.94117647059,2289.82352941176,22.0588235294118,92.4951365394643,194979.635014006,5317.47058823529
15628180,安踏,TB_TMALL,1578.57142857143,2350.85714285714,14.8571428571429,92.4965924831471,186784.462585034,2810.71428571429
15628782,安踏,TB_TMALL,2094.25,3613.75,20.5,115.949907484206,372900.728571429,3041.5
1610,陶阳,TB_TMALL,24135.7142857143,8541.35714285714,2,35.95,308032.078571429,52089.0714285714
1614,情漫媛,TB_JISHI,935,1971,1,39,76869,6856
16627785,安踏,TB_TMALL,1364.85714285714,2208.28571428571,38.7142857142857,108.742653165162,234619.761904762,3452.14285714286
16627795,安踏,TB_TMALL,1424.18181818182,2644.90909090909,10,69.9574872097599,202016.456709957,4312.45454545455
16627796,安踏,TB_TMALL,1262.42857142857,2178.28571428571,19.8571428571429,69.0364915196848,143948.714285714,3539.71428571429
168,思博锐,TB_JISHI,8432.9375,4614.3125,2.125,68.4375,315901.9375,6391.5625
1728,pelliot,TB_TMALL,5938,1599,2,128,204672,6573
1802,陶阳,TB_TMALL,2662.28571428571,2920.64285714286,1,40.8977380952381,117444.171309524,10912.1428571429
1862,魅依尔,TB_JISHI,7635,1832.5,2,94.1517857142857,177313.75,7836.5
19627301,安踏,TB_TMALL,733,1415,10,16.3333333333333,20402,381
198AQAH,李宁,TB_TMALL,2222.5,3747.92857142857,3,24.4910877684407,93726.279178338,1429.92857142857
1Q698,Converse,TB_TMALL,2541.5,2416.42857142857,5.5,323.863095238095,216869.107142857,16498.7142857143
1Q698,Converse,TB_JISHI,2189,2103,27,312.424242424242,613072.636363636,15445
2,Nike,TB_JISHI,241.714285714286,6527.5,16.9285714285714,525.035120884234,4139.03557603111,375.785714285714
2014Q2SP-IEU85,Adidas,TB_TMALL,6049,4828.66666666667,11.3333333333333,481.793838383838,471579.554545455,20927.6666666667
2014Q4ML574VG,New Balance,TB_TMALL,22553.3571428571,2749.21428571429,4,516.642857142857,465473.928571429,184310.928571429
2015Q1GM500MMG,New Balance,TB_TMALL,15561.6923076923,3923.46153846154,7.46153846153846,299.875274725275,1211999.86538462,25932.3846153846
2015Q1ML373MMA,New Balance,TB_TMALL,15023.5,1767,10,335.7875,610859.2,29597
2015Q1ML574DRD,New Balance,TB_TMALL,7277.25,6145.5,7,433.125,2833169.5,18149
2015Q1SP-ITA66,Adidas,TB_TMALL,6488.33333333333,2545.72222222222,11.1111111111111,468.708506033925,279880.635541237,29356.6666666667
2015Q1WL373SMB,New Balance,TB_TMALL,40144.1538461538,4088.46153846154,8.92307692307692,318.274325942874,1342398.13736747,128921.384615385
2015Q2ML574CPE,New Balance,TB_TMALL,11819,2016,10,470.793790849673,828688.200980392,77558
2015Q2NE-GAC31,Adidas,TB_TMALL,10176.2222222222,3608.16666666667,11.1666666666667,425.829762890787,818026.795163301,41866.2222222222
2015Q2SP-IFF95,Adidas,TB_TMALL,3073.6,3786,11.2,405.986218487395,504820.5,14767.4
2015Q2SP-IO476,Adidas,TB_TMALL,1198,1402,9,162.555555555556,49154.2222222222,4969
2015Q2SP-IVB01,Adidas,TB_TMALL,6034.83333333333,2627.72222222222,23.6111111111111,571.691676630756,606724.556589579,21428.2777777778
2015Q2WL574BFK,New Balance,TB_TMALL,1710.66666666667,1926.66666666667,7,457.55,888271.1,16595
2015Q2WL574CPC,New Balance,TB_TMALL,4817.33333333333,1966,6,444.469756097561,852294.581300813,49780
2015Q2WL574SPA,New Balance,TB_TMALL,6800.15384615385,2823,8.30769230769231,444.129807692308,1165836.43076923,53480.4615384615
2015Q3ML373AA,New Balance,TB_TMALL,47835.4285714286,6876.42857142857,9.78571428571429,314.32654696494,2365444.01611722,88292.8571428571
2015Q3ML574VBU,New Balance,TB_TMALL,7701.61538461538,3936.69230769231,11,452.202224388515,1743923.4516129,43670.1538461538
2015Q3OR-JPZ48,Adidas,TB_TMALL,4450,1953,23,505.007746576491,49134.6422892922,29360
2015Q3WL373AD,New Balance,TB_TMALL,26241,1972.66666666667,11,327.647916666667,638033.766666667,75043.8333333333
2015Q4M530AAG,New Balance,TB_TMALL,4614,1884.66666666667,8,521.333333333333,50009,21879
2015Q4SP-RE125,Adidas,TB_TMALL,782,1755,2,611.5,1226745,3543
201601165506,老北京布鞋,TB_JISHI,3893.5,3553.57142857143,1,85.4285714285714,302530.142857143,11240
2016022,特步,TB_JISHI,404,5799.66666666667,12,85.6666666666667,459533.666666667,5276
2016Q1OR-ZX005,Adidas,TB_TMALL,1830.66666666667,3096.33333333333,33,607.697376218928,527788.517241379,18006.6666666667
2016Q2M390CG2,New Balance,TB_TMALL,3135.7,2460.2,7.5,286.552738095238,704413.99,6589.4
2016Q2ML373GRN,New Balance,TB_TMALL,1900.83333333333,2496.66666666667,7.58333333333333,324.245833333333,857350.85,8405
2016Q2NE-EA006,Adidas,TB_TMALL,1721.94444444444,2683.38888888889,31.1666666666667,292.814980848027,489301.020988689,7891.61111111111
2016Q2SP-CC005,Adidas,TB_TMALL,1894.5,2103.16666666667,39.1666666666667,526.58527549718,655705.644516239,10337.6666666667
2016Q2SP-CC006,Adidas,TB_TMALL,5567.25,2023.25,41,531.47074563371,869213.122086413,33884.5
2016Q2SP-CC008,Adidas,TB_TMALL,2154.77777777778,2460.27777777778,32.3333333333333,625.218775620167,1053472.44258781,8806.88888888889
2016Q2SP-ILA14,Adidas,TB_TMALL,1389.16666666667,4046.27777777778,20.6666666666667,350.564530130116,1087549.87450238,7286.22222222222
2016Q2U446SMWT,New Balance,TB_TMALL,2758.22222222222,2102.11111111111,6.44444444444444,416.512407407407,905365.877777777,17710.6666666667
2016Q2W390CD2,New Balance,TB_TMALL,2059,2094.7,3,294.075,610990.17,5902.4
2016Q3GM500RM,New Balance,TB_TMALL,543.5,1903,3,311.766666666667,611177.6,2564
202AQAH,李宁,TB_TMALL,17703.3571428571,3412.07142857143,1,37.1259920634921,126674.427579365,9772.92857142857
208,四力牌,TB_JISHI,4580,2227,1,79.8,177714.6,2358
21625418,Fila,TB_TMALL,840,1411,2,521.5,759339,2545
2223,恒源祥,TB_JISHI,2702,2612,1,83,216796,4118
22625419,Fila,TB_TMALL,1083.36363636364,2038.81818181818,2,543.530303030303,1136275.15151515,5998.27272727273
2268,鸿星尔克,TB_JISHI,34.25,2493.25,1,108.25,270098.5,97
228AQAH,李宁,TB_TMALL,7112.64285714286,2687.92857142857,3,30.8863839285714,82791.8089285714,2753.64285714286
2317P,mz/美致模型,TB_TMALL,4739.33333333333,3935.94444444444,1,109.37077294686,426268.076086957,5071.94444444444
234523,阳阳运动,TB_JISHI,2787,2533,1,34.55,87515.15,2190
2367PF,mz/美致模型,TB_TMALL,319,1331,2,118.9375,131602.625,596
2527-6118,ceshoeses,TB_JISHI,6728,2109,1,58.3333333333333,123025,9608
2536,ameidas,TB_JISHI,3925.16666666667,4088.5,1,17.29668281454,71261.6245447674,2261.05555555556
25623151,Fila,TB_TMALL,2014,1348,2,299,403052,6719
260,canfly/卡弗莱,TB_TMALL,13781.0714285714,6713.5,1,27.9410714285714,188963.280357143,10502.7142857143
268,乔丹,TB_JISHI,634.5,4369,7,131,385688,4013
268AQAH,李宁,TB_TMALL,11124.3571428571,3150.42857142857,3,31.5396825396825,103550.607142857,4931.85714285714
30,篮板王,TB_JISHI,783,3022,3,12.8333333333333,50254.9,610
307,天堂,TB_JISHI,1176,2210,1,67.905,150070.05,2018
311,陶阳,TB_TMALL,5364.57142857143,7545.14285714286,1,27.1896668548843,205124.297120271,2986.07142857143
312618-011,Nike,TB_JISHI,6675.55555555556,3552.27777777778,175.055555555556,245.979849047333,837834.659297837,29398.1666666667
313,非卡良品,TB_JISHI,3912,17662,1,0.29,5121.98,1168
313,组队,TB_JISHI,8084.57142857143,8330.78571428571,3.57142857142857,35.5406074710586,307644.849087003,3907.28571428571
31424963,安踏,TB_TMALL,6398.3125,5061.75,8.6875,107.042328042328,535670.645833333,9434.0625
31434514,安踏,TB_TMALL,39180.3333333333,3563.33333333333,9.16666666666667,118.861259905452,417837.952441077,33446.8888888889
31444514,安踏,TB_TMALL,19959.1666666667,6367.55555555556,10.0555555555556,135.847222222222,840106.333333333,23217.1666666667
31524968,安踏,TB_TMALL,5419.58823529412,2462.94117647059,6.29411764705882,115.787114845938,282401.264705882,7114.17647058824
31531105,安踏,TB_TMALL,16403.5,2633,11.5,157.834956709957,413518.541666667,18769.25
31542202,安踏,TB_TMALL,4922,1322,3,118.666666666667,156818,3777
31614515,安踏,TB_TMALL,3268.16666666667,2776.72222222222,3.33333333333333,127.62962962963,346022.722222222,5595.66666666667
31621104,安踏,TB_TMALL,1118.33333333333,1864,17.3333333333333,229.14069664903,412674,2661
31624519,安踏,TB_TMALL,2528.44444444444,2453,6.05555555555556,219.282848324515,521237.101851852,4593.88888888889
31625519,安踏,TB_TMALL,6310.91666666667,2071.83333333333,17.4166666666667,147.564519660027,305878.632879274,7197.66666666667
31626961,安踏,TB_TMALL,1049.05882352941,2450.58823529412,18.3529411764706,151.800173010381,365635.196078431,4052.76470588235
31626965,安踏,TB_TMALL,1094.6,1815,4.8,126.95,226173.333333333,3009.4
31626967,安踏,TB_TMALL,866,1363,9,153.444444444444,204007,3450
318429,Nike,TB_TMALL,7068.66666666667,5113.66666666667,18.6666666666667,648.416884739429,1338345.03474585,69388.6666666667
320011,Nike,TB_TMALL,12013.1538461538,2329.07692307692,5.92307692307692,116.615384615385,266208.769230769,11922.4615384615
323,非卡良品,TB_JISHI,354,2516,1,0.29,729.64,172
324,feeka,TB_JISHI,903,2464,1,0.29,714.56,192
32626961,安踏,TB_TMALL,823,1366,5,129,176214,3519
330011,Nike,TB_TMALL,12104.3333333333,1917.66666666667,2,167.5,323995.666666667,15575
338,feeka,TB_JISHI,218,1959,1,0.29,568.11,39
343880-090,Nike,TB_JISHI,7069.16666666667,3904.38888888889,167.666666666667,246.840677284892,925967.132392979,33223.3888888889
344993,Nike,TB_TMALL,1969,1784.5,3,287,469811.5,8682.5
35542201,安踏,TB_TMALL,3720.72222222222,2411.33333333333,3.94444444444444,115.87962962963,275569.666666667,4760
35624203,安踏,TB_TMALL,3322.77777777778,2242.55555555556,2.94444444444444,110.666666666667,244666.055555556,3456.16666666667
35624401,安踏,TB_TMALL,4112.05555555556,3212.77777777778,2.88888888888889,96.7469135802469,309170.092592593,4272.61111111111
35625149,安踏,TB_TMALL,1489.15384615385,2136.38461538462,8.38461538461539,94.4081507381507,200358.905128205,4747.76923076923
35625784,安踏,TB_TMALL,1558,1703.5,13,70.84375,120286.5,1312
361,乔丹,TB_JISHI,430.833333333333,2339.91666666667,3,86.5,3659.66666666667,1435.5
361,ailin简尔,TB_JISHI,3584,2716,1,27.8,75504.8,1451
3610851988,361,TB_JISHI,454.090909090909,2913.09090909091,4.27272727272727,101.636363636364,3752.36363636364,867
3614,骐煌,TB_TMALL,7063,1716,1,98,168168,5461.5
362,非卡良品,TB_JISHI,1106,3572,1,0.29,1035.88,229
364,非卡良品,TB_JISHI,1234,8352,1,0.29,2422.08,487
364AQAH,李宁,TB_TMALL,2530.69230769231,3757.38461538462,1,26,97692,2205.92307692308
365,feeka,TB_JISHI,357,2506,1,0.29,726.74,24
366599,非品牌,TB_JISHI,1225.75,2195.25,1,59,129519.75,2891.5
39542301,安踏,TB_TMALL,2902.5,1710.5,2,29,49604.5,1213.5
39544301,安踏,TB_TMALL,4426,1728.5,2,52.75,94290.5,1781
449792,Nike,TB_TMALL,10940,1497,2,159.772727272727,256756.454545455,32147
48526142,shotloc,TB_JISHI,3869,2012,2,63.6,177726,6703
5 7 4,漫新百伦步,TB_JISHI,344.857142857143,2835.71428571429,10.7142857142857,212.346371882086,758656.428571429,2917.71428571429
50,facemask,TB_JISHI,22,5150,1,0.08,412,24
505,非卡良品,TB_JISHI,219,19781,1,0.75,14835.75,454
51115201123,鸿星尔克,TB_TMALL,2846.08333333333,3448.91666666667,15.8333333333333,124.958352411477,380181.666666667,9573.33333333333
51115201156,鸿星尔克,TB_TMALL,4776,3453.55555555556,10.1111111111111,135.168069584736,470846.444444444,5407.38888888889
51115203167,鸿星尔克,TB_TMALL,9640.94444444445,2375.11111111111,5.27777777777778,150.039814814815,336795.213888889,21216.1666666667
51115203186,鸿星尔克,TB_TMALL,14313.7222222222,2377.61111111111,13.5555555555556,167.786375661376,387668.444444444,20411.8333333333
51115220029,鸿星尔克,TB_TMALL,14111.6363636364,2170,7.27272727272727,205.090909090909,394213.545454545,28276
51115220094,鸿星尔克,TB_TMALL,2226,2721.41176470588,27.1176470588235,94.8092687309528,183376.767647059,3605.88235294118
51115404076,鸿星尔克,TB_TMALL,4949.33333333333,1719.33333333333,6.33333333333333,180.864285714286,271337.716666667,26747.6666666667
51115420074,鸿星尔克,TB_TMALL,29009.1666666667,1928.33333333333,35.8333333333333,214.824443720265,365387.594444444,74420.3333333333
51116102027,鸿星尔克,TB_JISHI,5655,1938,91,166.604938271605,288952,8139
51116103055,鸿星尔克,TB_TMALL,6924,1527,10,157,215113,13506
51116120007,鸿星尔克,TB_TMALL,15618,1685,8,214,346985,31426
51116120028,鸿星尔克,TB_TMALL,16452.9444444444,2449.22222222222,58.5555555555556,256.622347588665,607881.752777778,36463.7222222222
51116120037,鸿星尔克,TB_TMALL,1697,1397,9,167.888888888889,236093,3566
51116203029,鸿星尔克,TB_TMALL,5113,2475.61111111111,14.6666666666667,174.728174603175,386423.833333333,11114.1666666667
51116203030,鸿星尔克,TB_TMALL,1843.6875,2292.5625,15.9375,159.87509539072,351052.375,3505.1875
51116203059,鸿星尔克,TB_TMALL,5815.66666666667,3762.27777777778,13.3333333333333,188.887834387834,675358.833333333,17452.3333333333
51116203074,鸿星尔克,TB_TMALL,8265.66666666667,2389.33333333333,22.6666666666667,177.015151515152,370862.333333333,31932.6666666667
51116203098,鸿星尔克,TB_TMALL,3600.05882352941,2142.58823529412,11.5882352941176,174.76424688057,345593.867647059,10186.8823529412
51116220045,鸿星尔克,TB_TMALL,3210,2828.33333333333,17.6666666666667,152.560224089636,368895,6359
51116220085,鸿星尔克,TB_TMALL,1222.33333333333,1771.66666666667,15.6666666666667,232.677635327635,404420.7,3914
511881,Nike,TB_TMALL,23297.3333333333,5852.66666666667,35,433.267220616593,1175889.20425962,148442.333333333
511881,Nike,TB_JISHI,6880.25,3924.1875,205.5625,360.129637646621,1207387.79720623,28323.25
511881-010,Nike,TB_JISHI,7084,1929,189,420.405171828385,687270.117802622,29291
511882,Nike,TB_TMALL,6571,2003.66666666667,24.6666666666667,440.241808327801,494717.452444075,143117
511882-020,Nike,TB_JISHI,3840.83333333333,3968.88888888889,48.6666666666667,337.997812317548,1184767.5,24372
511882-094,Nike,TB_JISHI,10759,3703.1875,420.25,532.846493722874,1569597.3627748,47770.625
52116103055,鸿星尔克,TB_TMALL,7362.875,2527.8125,13.75,146.509375,361620.28125,24191.75
524977-001,Nike,TB_JISHI,573.25,1969.5,15.75,369.547435897436,707050,5007
551529142,361,TB_TMALL,2649.33333333333,1948.33333333333,26,88.2948717948718,170136.833333333,6537
5555无标,非品牌,TB_JISHI,5654.45454545455,2702.72727272727,1,39,105406.363636364,4456.36363636364
558,李宁,TB_JISHI,152.333333333333,2329.66666666667,2,80.3095238095238,79223.7619047619,1684
566205,Puma,TB_JISHI,5788.46153846154,2886,17.6923076923077,119.028645378529,298657.153846154,26468.9230769231
574,newboom,TB_JISHI,6885,1578,81,276.749542015133,423284,16515
574,nwz,TB_JISHI,2573.09090909091,3970.36363636364,27.5454545454545,284.502456744099,958303.482266565,5902.90909090909
574,un,TB_JISHI,412,1954,16,103.822222222222,55049.3333333333,1339
574-yxyt,nwz,TB_JISHI,438.090909090909,3270.90909090909,1,224.733333333333,735082.303030303,1164
589423-703,Nike,TB_TMALL,24563.6666666667,20907,4.66666666666667,207.762222222222,4494202.96666667,62640.3333333333
5962,moggon/千足龙,TB_JISHI,1039,1349,3,120.333333333333,172556,1289
599459-001,Nike,TB_JISHI,957.5,2105.5,68,389.790543735225,672117.5,7146
599728,Nike,TB_TMALL,7964,3779,10.6666666666667,397.003701842766,519136.894522227,55797
6,海翔,TB_JISHI,1281,2347,1,89,208883,15296
6,浪淘莎,TB_JISHI,1087.4,2301,1,87,200505,13740.2
620274-834,Nike,TB_TMALL,8162.33333333333,6841,1,183,1251903,26792.3333333333
620277-856,Nike,TB_TMALL,10148,7894,1,279,2202426,28614.3333333333
620280,Nike,TB_TMALL,17153,8102.66666666667,13.3333333333333,207.094537762807,1932324.58262108,42192.3333333333
620469,Nike,TB_TMALL,1999,2026.66666666667,31.3333333333333,1279.00338543035,2856519.56817023,23849.3333333333
620469,Nike,TB_JISHI,1582.14285714286,1963.42857142857,132.714285714286,667.810903591782,703781.325726654,10116
631065,Nike,TB_TMALL,3416.66666666667,2538.33333333333,7.66666666666667,177.558928571429,501170.071428571,10309.3333333333
63116120026,鸿星尔克,TB_TMALL,2887.5,1927.83333333333,4.5,154.666666666667,223425.5,4969.66666666667
642808,Nike,TB_TMALL,4504,4239,4,239.875,1138588,10479
644777,Nike,TB_TMALL,2480,2679,6,249.166666666667,774131,6419
651621101,361,TB_TMALL,1376.66666666667,1937.66666666667,3,72.3333333333333,150862.333333333,1260.66666666667
651621401,361,TB_TMALL,2166.75,2780.5,3,79,219659.5,1965.25
651622105,361,TB_TMALL,1972,2229.25,3,69,153818.25,2113
651629701,361,TB_TMALL,1006.66666666667,1875.66666666667,3,89,166934.333333333,1439.66666666667
6640,涛莎,TB_JISHI,5397.83333333333,3827,4.58333333333333,75.775505050505,297659.146464646,19647
668+856,李宁,TB_TMALL,5032.57142857143,7016.42857142857,2,68.5600649350649,420653.261363636,6997.78571428571
671442211,361,TB_TMALL,10061.875,3203.0625,4,131.34375,388905.6875,14762.1875
671512268,361,TB_TMALL,18221,4252,1,139,591028,30610
671512287,361,TB_TMALL,42584.25,3061.75,3,172.333333333333,546538.25,102827.25
671514436,361,TB_TMALL,26466.5,2684.75,3,172.333333333333,476065.25,36979.5
671522210,361,TB_TMALL,18341.25,3024,3,182.333333333333,569621,46322.75
671542241,361,TB_TMALL,23986.75,3722.5,3,179,666327.5,37852.5
671611101,361,TB_TMALL,1881.25,2113.5,3,202.333333333333,440331.5,11822.5
671612219,361,TB_TMALL,5612.66666666667,2046,3,194,386784,20134.6666666667
671616702,361,TB_TMALL,4286,2340.75,1,189,442401.75,17091.75
671616708,361,TB_TMALL,7373.5,5277.25,3,142.333333333333,782260.25,17023
671622201,361,TB_TMALL,9011,2272,10,164,362028,16552
671622211,361,TB_TMALL,5661,2805,7,159,418095,11982
671622217,361,TB_TMALL,7272.35714285714,3947,17.2142857142857,184.995710784314,683548.928571429,20587.5
671622219,361,TB_TMALL,11900.9285714286,4375.42857142857,17.8571428571429,180.191747751732,677983.821428571,26478.3571428571
671622222,361,TB_TMALL,925,2291,1,199,455909,2713.25
671624401,361,TB_TMALL,8779,8447,3,172.333333333333,1505563,16672.75
678573,Nike,TB_JISHI,1208.78571428571,3753.85714285714,37.5,216.749594605692,605085.913211788,14668.5714285714
681616708,361,TB_TMALL,2687.66666666667,1965,3,132.333333333333,269728.333333333,7653.33333333333
681624401,361,TB_TMALL,3714.25,3352.5,3,152.333333333333,527652.5,13161
6866,小品牌彩球,TB_JISHI,123,2876,1,6,17256,164
6932489701107,阿姆斯,TB_TMALL,8361.28571428571,2434,1,15.8,38457.2,2796.64285714286
698181,Nike,TB_JISHI,1257,1332,70,510.811177737088,617653.528138528,8383
698181-010,Nike,TB_JISHI,1879.5,2098,121.5,591.323076947964,860266.174588256,14513
703098,Nike,TB_TMALL,9850.33333333333,2745.66666666667,15,201.929742614638,564156.450396825,20970.3333333333
705149,Nike,TB_TMALL,6850.66666666667,3505,37,509.044917623096,903651.218612557,45221.3333333333
707361,Nike,TB_TMALL,23842.6666666667,2289.33333333333,14.6666666666667,157.433825978034,207849.504511785,54013.3333333333
707361-017,Nike,TB_TMALL,1621,1897,5.25,129.390625,141078.5625,7798
717132,Nike,TB_TMALL,3246.5,1855.5,40.5,375.704562774911,487543.823297089,7652
718349,Nike,TB_TMALL,2745,3038,1,269,817222,7823
719760,Nike,TB_TMALL,2675,3504,2,217,872496,17145
719871,Nike,TB_TMALL,989,2028.66666666667,16,230.129193899782,206328.525252525,5500.66666666667
719912,Nike,TB_TMALL,7709,1706,40,622.059440197021,808765.095981714,47485
723874,Nike,TB_TMALL,4462.33333333333,3461.66666666667,10.6666666666667,365.542011019284,447097.5,26349
725027,Nike,TB_TMALL,7754,3717.66666666667,13,404.873265306122,1381538.55238095,33763
726955,Nike,TB_TMALL,1921.66666666667,3262,1,279,910098,5762.33333333333
727028,Nike,TB_TMALL,733,1745,3,263,456568,2382
73-722Y,spalding/斯伯丁,TB_TMALL,15671,3369.28571428571,5,84.4114010989011,282009.057692308,26556.4285714286
73-901Y,spalding/斯伯丁,TB_TMALL,44294.9375,5016.1875,10.125,86.7756430697279,447691.332589286,40751.125
74--604,spalding/斯伯丁,TB_TMALL,3694.92857142857,2945.14285714286,1,164.8125,486532.357142857,9162.21428571429
74-221,spalding/斯伯丁,TB_TMALL,19787.5,1791.5,4,157.666666666667,290837.333333333,19644.5
74-570Y,spalding/斯伯丁,TB_TMALL,8766,1816.5,12,171.200854700855,317794.538461538,11883
74-634Y,spalding/斯伯丁,TB_TMALL,4265.16666666667,2672.27777777778,5,171.927777777778,447950.527777778,7929.44444444444
74-934Y,spalding/斯伯丁,TB_TMALL,1455.78571428571,3280.5,5,234.671428571429,763982.547619048,6010.92857142857
749340,Nike,TB_TMALL,7287.66666666667,2330,48,629.255772211127,1003917.64812344,60753.3333333333
749344,Nike,TB_TMALL,2474.33333333333,2370.33333333333,38.6666666666667,627.305848430207,1584793.17574245,47996.6666666667
778459,Nike,TB_TMALL,1742.33333333333,2701.33333333333,5.33333333333333,212.678333333333,580305.366666667,3745.66666666667
778493,Nike,TB_TMALL,2543.33333333333,4088.33333333333,13.6666666666667,173.865021625934,736468.775132275,7958.33333333333
805941-001,Nike,TB_JISHI,1904.72727272727,2378.63636363636,129.545454545455,556.552037299299,525935.817765568,9822.09090909091
806771,Nike,TB_TMALL,3793.33333333333,3917.33333333333,39.6666666666667,1147.20993345938,1940867.11610021,42750.3333333333
806771,Nike,TB_JISHI,2936.75,3246.25,185.875,722.935066010879,990146.801354773,23781.75
806771-001,Nike,TB_JISHI,2798.5,2523,169.625,731.792011323259,1164723.49339774,15445.5
806772,Nike,TB_TMALL,2406,2853.66666666667,30,1135.62572258601,1335818.40989412,31370.3333333333
807276,Nike,TB_TMALL,5002.66666666667,2146,33,531.155198518462,795233.259864613,27728.3333333333
816,海韵品牌,TB_JISHI,1956,2809.71428571429,1,66,185441.142857143,19695
818678,Nike,TB_TMALL,4150.92857142857,2148.42857142857,43.0714285714286,763.446138609374,1431665.493362,31316
818736-011,Nike,TB_JISHI,2411.06666666667,2344.53333333333,111.333333333333,291.651586045939,650488.204516832,15224.9333333333
818953,Nike,TB_TMALL,7092.33333333333,4062.66666666667,42.3333333333333,587.64861249983,1059298.35409473,45567
819004,Nike,TB_TMALL,7438,5475,1,629,3443775,41725
819151-001,Nike,TB_JISHI,7422.73333333333,2163.2,254.8,743.006769188808,1305817.89530913,66204.8
819300,Nike,TB_TMALL,9254.5,2248.875,31.0625,398.809585860567,530739.209738696,43622.5
819474,Nike,TB_TMALL,4446,2790,33,708.115713381866,841146.258838384,26590
819717-010,Nike,TB_JISHI,5302.11111111111,4148.66666666667,104.611111111111,289.069250245535,1099874.53681337,19508.9444444444
819717-010-100,Nike,TB_JISHI,3125.8125,3065.125,77,290.797098643466,842242.823327055,20870.75
819717-100,Nike,TB_JISHI,4819,2687.25,51.75,286.496755212002,791388.316471968,30986.5
819803,Nike,TB_TMALL,2445,2351.33333333333,24.3333333333333,488.646789420235,1073250.56608423,29700.3333333333
826593,Nike,TB_TMALL,22841.1111111111,3678.94444444444,19.0555555555556,164.992214618873,513543.777231041,41313
830369,Nike,TB_TMALL,4158,2417.66666666667,33.6666666666667,509.118283691368,686256.991902049,31318.6666666667
831069,Nike,TB_TMALL,1973,3680,29,775.805995254819,1112965.44136784,18546
831070,Nike,TB_TMALL,910,1693,22,769.574963186856,49833.3823141905,10218
833125,Nike,TB_TMALL,1742,3144.66666666667,29,522.904071993142,1620834.35714822,14901.3333333333
844375-085,Nike,TB_JISHI,966,2281,85.6666666666667,933.256804179332,2078015.22117328,15802.6666666667
846,沃曼威斯,TB_TMALL,1698.35714285714,4007.14285714286,1,40.75,163308.125,3571.14285714286
856,恒冠,TB_TMALL,16673.7142857143,4430.28571428571,1,24.375,107931.875,8283.78571428571
8801,hd,TB_JISHI,9319.09090909091,3172.72727272727,1,39,123736.363636364,18384.8181818182
884129019219,特步,TB_TMALL,2072,1942.25,31.125,86.5420610214073,147613.333333333,8667.125
884229019103,特步,TB_TMALL,4443.05555555556,3785.33333333333,41.2222222222222,81.2422472804126,243475.222222222,11107.1111111111
888,personhall/红人堂,TB_JISHI,2973.36363636364,2919.36363636364,3,10.4666666666667,30597.1818181818,1818.36363636364
8888,titleist,TB_JISHI,169,2485,1,6,14910,169
904,李宁,TB_TMALL,4556.52941176471,3356,1,38.7857142857143,130164.857142857,3010
9049,zd/袋黛安,TB_JISHI,1470.84615384615,2640.38461538462,2,341.755490289761,678733.474326185,20231.5384615385
91338041,安踏,TB_TMALL,91430.2777777778,7701.77777777778,9.55555555555556,126.317644032922,983406.791666667,110355.555555556
91338060,安踏,TB_TMALL,34142,2405,19,133.429824561404,308263.583333333,44199.5
91425566,安踏,TB_TMALL,75104.5,15963.2222222222,16.8888888888889,183.574333437079,2879998.62962963,118449.777777778
91435506,安踏,TB_TMALL,16067.8125,2317.875,6.125,153.15625,354838,22092.25
91448057,安踏,TB_TMALL,23794,1531,6,162.611111111111,248192.333333333,36756
91528014,安踏,TB_TMALL,18983.1666666667,6972,14.6666666666667,164.00854978355,1112205.05555556,44861.0555555556
91531173,安踏,TB_TMALL,22411.9444444444,5415.61111111111,18.8888888888889,193.063923838778,1018533.35185185,43866.7777777778
91545546,安踏,TB_TMALL,20556.7222222222,4668.72222222222,14.9444444444444,170.174853533406,772439.077546296,31463.1111111111
916,恒冠,TB_TMALL,2471.85714285714,3034.21428571429,1,15.475,47133.3785714286,1339
91615504,安踏,TB_TMALL,9530.5,3616.83333333333,17.3888888888889,163.195428467683,572022.314814815,16051.1666666667
91615507,安踏,TB_TMALL,11874.7222222222,3722.44444444444,11.6666666666667,182.725638740345,656060.712962963,19785.5555555556
91625501,安踏,TB_TMALL,5137.83333333333,6328.33333333333,4.27777777777778,205.430555555556,1299444.08333333,16342.1111111111
91625505,安踏,TB_TMALL,15067.5555555556,15276.7222222222,25.1111111111111,322.081965323166,4918353.26388889,47250.3333333333
91625507,安踏,TB_TMALL,10774.5555555556,5389.61111111111,14.4444444444444,191.778125870231,1018536.87037037,23549.9444444444
91625508,安踏,TB_TMALL,5576.44444444444,4848.72222222222,15.5555555555556,253.437166806958,1220937.44444444,15648.7222222222
91625512,安踏,TB_TMALL,8290.11111111111,6935.22222222222,14.5,176.238353459406,1263528.9,18758.7222222222
91625513,安踏,TB_TMALL,3569.57142857143,2305.28571428571,5.5,257.239583333333,591440.154761905,11963.7142857143
91628001,安踏,TB_TMALL,3424,1342,7,169,226798,7169
91628004,安踏,TB_TMALL,19084,12582.2222222222,13.8888888888889,144.42512635432,1822604.72222222,30490.2222222222
91628095,安踏,TB_TMALL,5157.29411764706,2996.82352941176,2,164.588235294118,489767.882352941,11468.7647058824
91635516,安踏,TB_TMALL,772.5,2196.83333333333,11.3333333333333,178.347578347578,360294.777777778,3054.66666666667
918,恒冠,TB_TMALL,2487.3,2683.4,1,17.3333333333333,46512.2666666667,1740.5
92615507,安踏,TB_TMALL,7134.44444444444,3064,14.9444444444444,165.786158058965,495300.527777778,21749.2222222222
92625505,安踏,TB_TMALL,6707.55555555556,6864,21.6111111111111,302.155241363575,2064709.18518519,35954.6666666667
92625507,安踏,TB_TMALL,8900.55555555555,6094.55555555556,10.5,174.088243546577,1052914.22222222,26314.7222222222
92625512,安踏,TB_TMALL,3713,3851.75,7.5,164.949429563492,638732.755208333,16844.4375
92628004,安踏,TB_TMALL,2901.88888888889,6322.77777777778,13.0555555555556,144.973541403366,920241.685185185,13274.8888888889
92635516,安踏,TB_TMALL,1472.66666666667,2294.66666666667,6.33333333333333,172.269841269841,399342,6004.66666666667
932BRU1674,head/海德,TB_TMALL,32713.4285714286,2257.85714285714,2,121.417080254921,279406.352715583,44520.8571428571
95521347,安踏,TB_TMALL,3851.66666666667,3804.22222222222,5.27777777777778,91.8449074074074,335916.203703704,4513.77777777778
95521348,安踏,TB_TMALL,6422.66666666667,9271.33333333333,11.3888888888889,93.8483363042187,800054.203703704,7101.11111111111
95527301,安踏,TB_TMALL,7361.66666666667,6801.44444444444,10.1666666666667,77.1183715461493,522276.327160494,9940.5
95527346,安踏,TB_TMALL,3576.33333333333,4263.44444444444,6.66666666666667,88.3139329805996,396577.231481481,4454.22222222222
95527501,安踏,TB_TMALL,11449.1764705882,2583.70588235294,7.94117647058824,108.754382055853,274017.117647059,13483.7058823529
95528780,安踏,TB_TMALL,4368.66666666667,2511.93333333333,8.06666666666667,80.6243386243386,237464.555555556,5401.73333333333
95537745,安踏,TB_TMALL,26024.8333333333,2549.77777777778,5.22222222222222,134.651025132275,336326.990740741,32867.6666666667
95611302,安踏,TB_TMALL,934.166666666667,1902.66666666667,1,74,140609,1837.16666666667
95617740,安踏,TB_TMALL,5524.05555555556,3688.16666666667,2.11111111111111,103.550925925926,382231.555555556,5592.83333333333
95638140,安踏,TB_TMALL,886.666666666667,2509.27777777778,2.55555555555556,65.6574074074074,156750.722222222,1143
95638143,安踏,TB_TMALL,509,1374,3,79,108546,496
95638144,安踏,TB_TMALL,1116.75,2701,4,74.5,199674.833333333,1063.75
95638145,安踏,TB_TMALL,1093.5,2487.75,4,74.5,183962.25,1009
984118119285,特步,TB_TMALL,2708.5625,2574,20.9375,151.085499526515,345197.5625,6447.0625
984118119372,特步,TB_TMALL,7758.6,1835,21.2,157.334365325077,286796,14140.4
984119119275,特步,TB_TMALL,10138.9,2086.4,3,142,295176.6,29883
984119119278,特步,TB_TMALL,10117.8823529412,3655.23529411765,46.6470588235294,198.987751200438,681323.235294118,27800.1764705882
984119119285,特步,TB_TMALL,11386.8888888889,5640.33333333333,23.2222222222222,166.372895622896,843738,16731.8888888889
984119119288,特步,TB_TMALL,1511,1950,23,167.391304347826,290560,1609
984119119372,特步,TB_TMALL,12592.2222222222,3775.22222222222,21.4444444444444,166.579529267029,597588.5,14127.6111111111
984119119527,特步,TB_TMALL,29691.8235294118,2332.76470588235,40.4705882352941,177.634802522169,395154.784313725,69322.2352941177
984119119556,特步,TB_TMALL,5117,5211.61111111111,4.33333333333333,165.49537037037,827678.646825397,11685.1666666667
984119119632,特步,TB_TMALL,7927.22222222222,3082.72222222222,21.6666666666667,158.734574000878,469651.5,12213.7222222222
984119119669,特步,TB_TMALL,26093.2222222222,11645.8333333333,17.4444444444444,156.081545998029,1741917.12037037,34883.9444444444
984119319176,特步,TB_TMALL,9425.11111111111,6183.72222222222,3,130.490740740741,800278.305555556,23940.2777777778
984218119296,特步,TB_TMALL,5057.33333333333,1844.33333333333,46.3333333333333,170.79709673043,300708.166666667,20335.3333333333
984218119398,特步,TB_TMALL,4562.38888888889,3535.11111111111,5.44444444444444,156.17791005291,552143.777777778,14710.5555555556
984218119568,特步,TB_TMALL,2466.28571428571,2203.71428571429,12.5,156.678571428571,337285.142857143,5122.71428571429
984219119005,特步,TB_TMALL,6193.8,1729.8,49,195.301567595231,317712.933333333,20642
984219119136,特步,TB_TMALL,2171,1625,6,189,307125,8423
984219119177,特步,TB_TMALL,2874,1338,35,181.1875,226258,11734
984219119223,特步,TB_TMALL,8029.66666666667,2928.66666666667,20,165.336842105263,458543,10033.6666666667
984219119232,特步,TB_TMALL,3908.66666666667,3503.83333333333,16.6111111111111,159.625596385278,539723.666666667,5320.5
984219119272,特步,TB_TMALL,7855.71428571429,2085.28571428571,22.5714285714286,166.764635165807,310476.857142857,10136
984219119511,特步,TB_TMALL,5083.75,1932.5,10.25,203.530632411067,384604.02173913,13810
984219119588,特步,TB_TMALL,6166.5,5339.38888888889,3.83333333333333,155.53835978836,814217.095238095,19056.6111111111
984219119595,特步,TB_TMALL,3782.5,2007,7,168.642857142857,318808,7027.5
984219329231,特步,TB_TMALL,4171.3125,3003.875,4.6875,149.279166666667,405319.375,12104.375
984219329356,特步,TB_TMALL,2640.5,2187.75,3,157,334952.25,8281.75
984219329556,特步,TB_TMALL,5803.88888888889,3160.44444444444,2,150.666666666667,473401.5,11332
984219329581,特步,TB_TMALL,3896,1944.25,43.75,174.169444444444,309708,11422.5
984219329591,特步,TB_TMALL,1353,1581,31,192.88869047619,287887.5,6764.5
984319119937,特步,TB_TMALL,1836.55555555556,3126.11111111111,4.66666666666667,166.736111111111,512495.055555556,3124.16666666667
984319119959,特步,TB_TMALL,896.375,2144.125,2.5,181.1875,389871.5,3590.5
985118119930,特步,TB_TMALL,12527.5555555556,3964.27777777778,31.8333333333333,153.88114819975,595863.75,30102.8888888889
985118119979,特步,TB_TMALL,45362.6111111111,4418.66666666667,26.7222222222222,160.036449781062,668264.444444444,62333.5
985118325278,特步,TB_TMALL,13388,1477,5,161,234853,30830
985119113960,特步,TB_TMALL,7268.53846153846,2523.61538461538,3.38461538461538,186.820512820513,456429.269230769,18156.8461538462
985218115088,特步,TB_TMALL,2124.33333333333,3445.88888888889,24.8888888888889,185.303366232533,630770.972222222,11264.3333333333
985218119329,特步,TB_TMALL,18989.6666666667,1783.33333333333,27,167.871604938272,283680,49173
985218321618,特步,TB_TMALL,52749.0555555556,3733.55555555556,1.77777777777778,103.430555555556,395541.333333333,82394.1111111111
985219115019,特步,TB_TMALL,2624.33333333333,2351,25.6666666666667,165.931457739791,339519.933333333,5461.33333333333
985219115870,特步,TB_TMALL,11400.4285714286,2475.71428571429,1,159,393638.571428571,11555.4285714286
985219119256,特步,TB_TMALL,75580.2222222222,9133.38888888889,45.6111111111111,169.855800735297,1495750.50925926,72078.4444444444
985219119337,特步,TB_TMALL,9753.375,2551.5,25.125,155.044477513228,399371.125,13231.25
985219119386,特步,TB_TMALL,2630.66666666667,2012.16666666667,32.5,170.20652928057,317903.444444444,4292.33333333333
985219119617,特步,TB_TMALL,7071,3692.8,37.2,164.210657108722,572412.466666667,11304
985219119775,特步,TB_TMALL,9073,2981.3125,27.125,165.752645502646,473534.25,12001.5625
985318315290,特步,TB_TMALL,9209.77777777778,2786.77777777778,2.38888888888889,137.275462962963,378579.527777778,36758.1111111111
985319 119123,特步,TB_JISHI,391,1978,2,138,272964,1747
985319119137,特步,TB_TMALL,37979.5555555556,3581.55555555556,4.55555555555556,172.53405409783,607065.12585034,48477.6666666667
985319315290,特步,TB_TMALL,5973.61111111111,2733,2.94444444444444,143.655092592593,378154.777777778,13483.3888888889
985319319566,特步,TB_TMALL,86056.3888888889,5614.55555555556,3,151.037037037037,840626,95030.0555555556
985418119720,特步,TB_TMALL,32492.1666666667,2818,4,162.055555555556,446589.166666667,81497.6666666667
985419119826,特步,TB_TMALL,27664.8888888889,3312.61111111111,5.94444444444444,171.738095238095,535911.833333333,52164.4444444444
986119329557,特步,TB_TMALL,1410.57142857143,2529.78571428571,20.5,147.254187457592,298078.190476191,2622.07142857143
986119329879,特步,TB_TMALL,8620,2489.42857142857,22,129.335314659461,235160.785714286,11824.8571428571
986218119127,特步,TB_TMALL,2010.42857142857,2242.42857142857,15,142.167290249433,264243.285714286,6466.42857142857
986219113188,特步,TB_TMALL,8907.66666666667,2529.16666666667,28,190.661599272723,465582.593518518,17830.7777777778
986219119128,特步,TB_TMALL,1314.81818181818,2478.90909090909,24.9090909090909,142.543038939011,245164.878787879,2443.18181818182
986219119130,特步,TB_TMALL,7568.22222222222,2327,14.5555555555556,135.551854210604,289669.411111111,7089.55555555556
986219119371,特步,TB_TMALL,2490.71428571429,2728.78571428571,20.0714285714286,143.285407913165,348453.761904762,3377.92857142857
986319313311,特步,TB_TMALL,9327,1428,4,142.333333333333,198492,21597
986419119589,特步,TB_TMALL,46756.6111111111,3305.61111111111,22.0555555555556,167.180363155363,546568.355555556,45313
986419119693,特步,TB_TMALL,36155.2941176471,2313.64705882353,31.4705882352941,167.426640580713,375601.925490196,33517.6470588235
987219111715,特步,TB_TMALL,62524.7222222222,4189.61111111111,31.5,135.099635299265,555703.361111111,64415.2222222222
987319119623,特步,TB_TMALL,205531.833333333,13712.3333333333,25.7777777777778,156.669287174178,2113891.76587302,182922.222222222
987319321667,特步,TB_TMALL,54051.8125,2148.625,34.875,136.179214579606,285399.385416667,63441.1875
987419112992,特步,TB_TMALL,14337,1341,2,129,172989,13838
988118310552,特步,TB_TMALL,14330.5555555556,2650.55555555556,39.8333333333333,116.271483202886,231833.694444444,28216.7222222222
988319179112-1,特步,TB_TMALL,32920.4545454545,3049.36363636364,1,129.454545454545,391987.909090909,29783
99548301,安踏,TB_TMALL,8369.33333333333,1910.5,5.83333333333333,87.9583333333333,161181.833333333,2732.66666666667
998,恒冠,TB_TMALL,40689.1428571429,4291.78571428571,1,32.5045351473923,139033.611678005,12096.3571428571
999,139,TB_JISHI,1822.25,2234.58333333333,1,29,64802.9166666667,33609.5833333333
安德玛,UNDER ARMOUR,TB_JISHI,5172.91666666667,2421.75,124.666666666667,1302.18972902685,475358.686332418,21106.4166666667
冰爽,lambda/兰帕达,TB_TMALL,731.6,2607.5,1,43.6666666666667,113860.833333333,1242.6
冰爽,lambda/兰帕达,TB_JISHI,358,2275,1,35.6666666666667,81141.6666666667,925
潮流印花,时尚潮牌,TB_JISHI,890.363636363636,8038.81818181818,1,19,152737.545454545,1175.90909090909
大师级6号,victor/威克多,TB_TMALL,17442.2857142857,4207.71428571429,2,84.375,339772.928571429,7208.35714285714
夺采ARC弓箭系列,yonex/尤尼克斯,TB_TMALL,55470.2142857143,3679.92857142857,1,263.911768551814,970010.453743053,76823.2857142857
国内不上,Adidas,TB_JISHI,50.7857142857143,5592.78571428571,2.64285714285714,1,5592.42857142857,265.285714285714
红地毯,旭特,TB_TMALL,1582,1367,1,155.883333333333,213092.516666667,1611
乐士737,enpex,TB_TMALL,67634.3571428571,6888.64285714286,1,44.9666666666667,309759.307142857,26615.4285714286
力酷603,leacco/力酷,TB_TMALL,5464.21428571429,5908.64285714286,1,18.425,108866.744642857,7907.71428571429
连衣裙,篮球连衣裙,TB_JISHI,375,1526,4,51.0178571428571,73837.8571428571,2607
耐打羽毛球,kawasaki/川崎,TB_TMALL,18582,2214.42857142857,1,45.25,100202.892857143,9189.92857142857
全碳素,李宁,TB_TMALL,17534.6428571429,3327.85714285714,4,281.546494559362,883187.053531028,21681.9285714286
如图,nwz,TB_JISHI,2012,4219,1,232.84126984127,982357.317460318,895
升级国家队羽毛球,李宁,TB_TMALL,12849.3333333333,5016.25,1,73.7104166666667,369611.427083333,7563
通用型,百佳亿,TB_JISHI,1741.625,2232.5,2,33,69211.5,1467.5
小熊指环支架,Fila,TB_TMALL,5193,2627,1,14.8166666666667,38923.3833333333,4919
小熊指环支架ZH,Fila,TB_TMALL,5531,4339,1,13.1307692307692,56974.4076923077,6934
牙套 护齿,Nike,TB_TMALL,7682.78571428571,2378.57142857143,1,47.25,112578.75,6903.85714285714
一星级,dhs/红双喜,TB_TMALL,9665.5,3245.5,2,23.0188311688312,95713.2311688312,2232.14285714286
勇士队球衣,勇士队,TB_JISHI,2766.81818181818,2437.09090909091,2,38.5,93824.5454545455,2104.63636363636
尤尼克斯初学系列,yonex/尤尼克斯,TB_TMALL,17350,1817.5,1,322,585240.261904762,27012.5
邮费/代购,3515,TB_JISHI,20.5,5507.5,1,1,5507.5,3.5
邮费补差,1q,TB_JISHI,433,6817.66666666667,1,1,6817.66666666667,2.11111111111111
羽毛球拍,yonex/尤尼克斯,TB_TMALL,7831.14285714286,5700.21428571429,1,406.45609152752,2317327.11471861,11458.2142857143
准者篮球服,rigorer/准者,TB_TMALL,7616.86666666667,3464.46666666667,2.93333333333333,58.3333333333333,200902.133333333,3997.33333333333
A04610,ucan/锐克,TB_JISHI,3819.36363636364,2275.09090909091,27,28,68.7272727272727,999.818181818182
A06011,ucan/锐克,TB_TMALL,11726.6666666667,4035.88888888889,1,22,88789.5555555556,3685.61111111111
A38-42,骐煌,TB_TMALL,30600.8,2028.4,1,141.2,286410.7,29504.4
A4002/A4006,dhs/红双喜,TB_TMALL,5498.35714285714,2597.71428571429,1,95.0609523809524,245696.305238095,3045.14285714286
A6,李宁,TB_TMALL,9980.66666666667,1975,19,100.902777777778,139857.155555556,6428.66666666667
A770T,李宁,TB_TMALL,3054,1492,1,395,589340,3964
AATH005,李宁,TB_TMALL,3573.42857142857,2006.57142857143,4.71428571428571,98.3128151260504,194056.25270108,3017.42857142857
AATK003,李宁,TB_TMALL,2377.33333333333,3590.66666666667,37.6666666666667,96.0535839708448,340951.498829614,3212.5
AATK047,李宁,TB_TMALL,2256.53333333333,2580.93333333333,13.8666666666667,105.312893518519,265408.063194444,2381.73333333333
AATL001,李宁,TB_TMALL,4703.66666666667,4774.33333333333,34.6666666666667,128.234200493903,554599.030508088,5411.33333333333
ABAJ003,李宁,TB_TMALL,783,1855.5,6,477.005952380952,550435.333333333,3194
ABAJ003,李宁,TB_JISHI,625,1370,28,475.272902494331,422533.331746032,3660
ABAK025,李宁,TB_TMALL,3325.5,2321.25,44.25,288.525078457068,642550.860909531,22057.25
ABAK035,李宁,TB_TMALL,9615.42857142857,2307.64285714286,49.6428571428571,329.882214818837,725981.39105781,41425.4285714286
ABAL003,李宁,TB_TMALL,2675.33333333333,3506,65.6666666666667,358.057785909089,1131661.37954416,12696
ABFK001,李宁,TB_TMALL,7722,1496,26,199.058080808081,289011,19568
ABPJ033,李宁,TB_TMALL,15885.9,1957.8,42.8,225.4163626719,404797.553742424,40115.8
ABPJ039,李宁,TB_TMALL,22345.0555555556,4126.11111111111,48.7222222222222,216.523481835057,842511.240917826,59816.8888888889
ABPK013,李宁,TB_TMALL,4078.05882352941,2189.05882352941,40.2941176470588,255.42767072082,498111.84891543,15266.4117647059
ABPK021,李宁,TB_TMALL,28383.0666666667,8933.6,54.1333333333333,279.2453200418,2466573.16588388,74342.3333333333
ABPK021,李宁,TB_JISHI,16220.1666666667,3990.88888888889,163.388888888889,293.657549526557,1079042.05898724,46259.8333333333
ABPK021-1-2-4-5,李宁,TB_JISHI,5358,1653,11,275.630319025835,441216.724358974,8062
ABPK051,李宁,TB_TMALL,5174,5765.66666666667,27,212.365777777778,1158057.5,21663.6666666667
ABPK071,李宁,TB_TMALL,3759.5,1879.5,10.5,279.551136363636,517127.5,10414.5
ABPL011,李宁,TB_TMALL,1890,3992.33333333333,58.6666666666667,424.01839321899,1140236.95131712,7240.66666666667
ABPL011,李宁,TB_JISHI,6208.78571428571,2608.28571428571,125.285714285714,385.030065758699,805686.332794567,27391.7142857143
ABPL045,李宁,TB_TMALL,1351.4,2348.6,7.86666666666667,270.777777777778,625420.733333333,9221.33333333333
AC102C,yonex/尤尼克斯,TB_TMALL,21015.7142857143,3653.64285714286,13,30.8754488285467,73837.8479893295,7864.35714285714
AC26,李宁,TB_TMALL,8555,1384,1,67.2,93004.8,3903
AC5448,Adidas,TB_TMALL,558.833333333333,2421.33333333333,9.5,316.264873737374,633305.208333333,1691
ACONVERSEH57,cnconverse,TB_JISHI,485.666666666667,2300.33333333333,33.6666666666667,83.0280583613917,186878,2177
ACONVERSEH57,Converse,TB_JISHI,969.166666666667,2250,28.6666666666667,84.4142343164082,193698.333333333,2252.5
AD2738,0595,TB_JISHI,28.6470588235294,2354.58823529412,1.76470588235294,12.3235294117647,35313.4705882353,1.94117647058824
ADICTT,Adidas,TB_TMALL,889.642857142857,2902.42857142857,1,103.285714285714,298195.428571429,3191.28571428571
ADIX12191000,Adidas,TB_TMALL,1409,1776,1,66,117216,3819
AFPK013,李宁,TB_JISHI,5187.25,2646,46.5625,142.496943601544,345734.24202204,20339.625
AFQK048,李宁,TB_TMALL,4459.42857142857,3196.92857142857,5,88.5285714285714,276739.071428571,2496.64285714286
AG151J1016,acome/阿珂姆,TB_JISHI,1130,2134,2,109,227486,2314
AG151J1016,acome/阿珂姆,TB_TMALL,1453.38461538462,2106.76923076923,2,136.115384615385,285597.076923077,2465.61538461538
AGL-140,arena/阿瑞娜,TB_TMALL,2388,3351,2,53.75,164864,1371
AHLK007,李宁,TB_TMALL,5723,2934.33333333333,27.6666666666667,159.90030167358,461130.966273391,15446.6666666667
AHSJ124,李宁,TB_TMALL,2243.66666666667,3037.66666666667,2.33333333333333,65.3333333333333,190283.333333333,3212
AHSJ153,李宁,TB_TMALL,16439.2777777778,6657.05555555556,43.6666666666667,75.9653870247644,488113.688441358,17536.8888888889
AHSJ159,李宁,TB_TMALL,12467.3333333333,6722,4.33333333333333,86.3888888888889,484331.666666667,9907.33333333333
AHSJ285,李宁,TB_TMALL,11397.3333333333,7914.66666666667,17,88.636458921061,726827.871615313,18676
AHSJ307,李宁,TB_TMALL,9216.5,5280.38888888889,39.2222222222222,72.5288105166415,318848.172234615,12533.1111111111
ahsk025,李宁,TB_TMALL,3134,4679.66666666667,13.6666666666667,80.6632022765246,340556.256578947,7172
ahsk028,李宁,TB_TMALL,924.166666666667,2040.16666666667,16,66.8765116660699,125157.3,3906.83333333333
AHSK043,李宁,TB_TMALL,2094.66666666667,2388,15.3333333333333,82.853511414854,172757.530864198,4548.33333333333
AHSK044,李宁,TB_TMALL,2273.33333333333,2564,9.66666666666667,70.6444444444444,155223.333333333,5784
ahsk061,李宁,TB_TMALL,1222.33333333333,3714.66666666667,17.5,60.9825160333494,213269.655555556,2743.66666666667
AHSK099,李宁,TB_TMALL,2971.22222222222,2236.88888888889,37.5555555555556,68.2831375139111,144741.014309764,4556.77777777778
AHSK186,李宁,TB_TMALL,2625,1971,18.5,64.9897504456328,118017.25,9367.5
AHSL084,李宁,TB_TMALL,1217,1747,2,59,101126,1963
AHSL108,李宁,TB_TMALL,1955.66666666667,2970.33333333333,33.6666666666667,83.7386259548894,176861.932407407,8433
AHSL118,李宁,TB_TMALL,2511,3322,2.33333333333333,75.3333333333333,245718.333333333,4302.33333333333
AHSL167,李宁,TB_TMALL,1720,2330,3,76.0555555555556,149696,2718.33333333333
AHSL171,李宁,TB_TMALL,1729,1762,32,64.2564603365385,103555.317307692,2667
AHSL189,李宁,TB_TMALL,1951,3179.33333333333,3,74.2222222222222,223533,2862.33333333333
AHSL191,李宁,TB_TMALL,4653,4797.33333333333,4,80.5277777777778,336113,5730.33333333333
AHSL193,李宁,TB_TMALL,3998,5919.66666666667,4,75.25,113774.333333333,3598.66666666667
AHWK036,李宁,TB_JISHI,19702.5,6038.91666666667,3,21.1666666666667,129774.166666667,5338
AI9249,Adidas,TB_TMALL,2864.83333333333,3246.44444444444,16.1111111111111,153.685402780908,344011.493855219,9773.27777777778
AJ8830,Adidas,TB_TMALL,11326.3333333333,1829,24,203.081519896349,350470.410955248,69752.8333333333
AJ9943,Adidas,TB_TMALL,5400.57142857143,1836.85714285714,16.2857142857143,77.1092592592593,51110.0952380952,10036.5714285714
AK0944,Adidas,TB_TMALL,10230,3165.27777777778,8.05555555555556,110.866627585378,193538.82771164,58358.5
AK1569,Adidas,TB_TMALL,10660,1727,18.6666666666667,232.503380816714,411555.758024691,24572.3333333333
AK1822,Adidas,TB_TMALL,3879.83333333333,6633.72222222222,5.5,112.952592592593,680056.833333333,11425.2777777778
AKLK033,李宁,TB_TMALL,39470.6666666667,2902.66666666667,31.3333333333333,108.493043154762,127769.616666667,42590.6666666667
AKLK373,李宁,TB_TMALL,18855,1877.5,44,111.718187391236,173643.904761905,27189
AKLL003,李宁,TB_TMALL,6754.33333333333,3222.66666666667,17,132.26059593428,345288.925925926,10020.6666666667
AKLL035,李宁,TB_TMALL,28357,2700,40.3333333333333,126.345919001846,248401.853703704,24048
AKQH155,李宁,TB_TMALL,4111,4546,2.33333333333333,92,407485,3846
AKQJ037,李宁,TB_TMALL,13413.6666666667,7147.66666666667,28.6666666666667,89.9247872816838,497907.870634921,11862.3333333333
AKQK015,李宁,TB_TMALL,5736.33333333333,8035.66666666667,42.6666666666667,84.9416246900794,377983.769444444,6118.66666666667
AKQK033,李宁,TB_TMALL,4270,3920.25,30.5,98.4626759249847,368828.716269841,6528.25
AKQK037,李宁,TB_TMALL,2024.33333333333,2322.66666666667,31.6666666666667,99.3553777295865,203504.163650794,3756.66666666667
AKSH117,李宁,TB_TMALL,7847.57142857143,8309,9.57142857142857,64.2595238095238,161685.05952381,7085.42857142857
AKSH321,李宁,TB_TMALL,13515.3333333333,6163,3.33333333333333,94.5555555555556,163083.666666667,14749
AKSJ097,李宁,TB_TMALL,5508.5,3918,3,111.5,172468,4159.5
AKSJ101,李宁,TB_TMALL,11174.75,9035,26.75,93.4013782995255,446277.708333333,11499
AKSJ105,李宁,TB_TMALL,6274.11111111111,3873.66666666667,31.3333333333333,69.2467989040043,245083.491737667,8253.05555555555
AKSK067,李宁,TB_TMALL,1871,3348,4,77.7777777777778,249737,1771
aksk072,李宁,TB_TMALL,3443.66666666667,3134,20,65.9618027210884,75917.4333333333,8086
aksk076,李宁,TB_TMALL,1643,2066,27,75.1857142857143,33348.8,3243
AKSK081,李宁,TB_TMALL,12995.0625,18459.875,37.875,63.3253472396045,613942.118789683,15394.4375
AKSK107,李宁,TB_TMALL,3360.13333333333,4885.73333333333,25.2666666666667,94.1258058098833,432391.183873016,4319.93333333333
AKSK117,李宁,TB_TMALL,8142.27777777778,8411.16666666667,46.3888888888889,76.7996420890208,574101.591210721,12576.8888888889
AKSK119,李宁,TB_TMALL,4354.25,3778.5625,33.5625,85.2866031600403,299184.925824176,5819.0625
AKSL035,李宁,TB_TMALL,1226,2485.66666666667,24,120.587669082126,291357.1,1131.66666666667
AKSL042,李宁,TB_TMALL,639.333333333333,2165.33333333333,17.3333333333333,75.6862433862434,124144.666666667,1459.33333333333
AKSL043,李宁,TB_TMALL,1799,4482.33333333333,25,80.2868040601374,344561.528619529,2586
AKSL059,李宁,TB_TMALL,1190,2768.33333333333,30.6666666666667,108.829622907844,109645.166666667,1868
AKSL077,李宁,TB_TMALL,1047.33333333333,2991,32,75.6205307539683,221001.293333333,1128.33333333333
AKSL191,李宁,TB_TMALL,1042.66666666667,2573.66666666667,40.3333333333333,98.2324922667028,104615.415873016,1757
AKSL198,李宁,TB_TMALL,1761.33333333333,2151,4.33333333333333,97.7777777777778,196592,9614.33333333333
AKSL207,李宁,TB_TMALL,3544,1932.5,4,100.25,95471,6710.5
AKSL213,李宁,TB_TMALL,2192,4691.66666666667,4.66666666666667,111.366666666667,434357.666666667,4337.33333333333
AKZ2338101.,乔丹,TB_TMALL,2217.6,1928.6,2,82,154657.4,2766.6
ALCH043,李宁,TB_TMALL,42343.1666666667,3333.83333333333,33.1666666666667,147.8302694405,503068.408631721,82108.7777777778
ALCH113,李宁,TB_TMALL,29347.5,1691,38.5,175.313183890578,306250.543498818,56365.5
ALCJ015,李宁,TB_TMALL,40643,3133,36,177.428768991784,588032.998188406,79498.6666666667
ALCJ016,李宁,TB_TMALL,18384,1816.5,16,189.9375,359480,56044.5
ALCK057,李宁,TB_TMALL,11986.6666666667,4054.16666666667,59.1111111111111,209.029234328667,806526.341288085,36179.5555555556
ALCK065,李宁,TB_TMALL,2828.9375,2672.4375,26.75,152.432483908635,398351.53125,12341.125
ALCK079,李宁,TB_TMALL,25924.6666666667,7813.66666666667,47.6666666666667,155.022380050505,1277934.74747475,58490.6666666667
ALCK137,李宁,TB_TMALL,7484.2,1900,39.4,180.964525293255,350876.454545455,25481.8
ALCL061,李宁,TB_TMALL,5049.66666666667,3508.33333333333,3.66666666666667,204,663522,16757.6666666667
ALCL077,李宁,TB_TMALL,1529.625,1875.625,5.125,178.041666666667,329631.875,7725.125
ALKJ001,李宁,TB_TMALL,26476.3333333333,3183.33333333333,15,255.683827861953,283742.930555556,79842.6666666667
ALL,all,TB_JISHI,13.4705882352941,2761.05882352941,1,1,2761.05882352941,3
AM3310118,乔丹,TB_TMALL,45792.6666666667,5059,15.6666666666667,166.657004830918,819511,56214.3333333333
AMT62646,New Balance,TB_TMALL,713.5,1793,1,139.3,249764.9,1501
ANTA安踏短裤男,安踏,TB_TMALL,2227.3125,3599.375,1,77.25,278476.625,5295.0625
AO0542,Adidas,TB_TMALL,1194.57142857143,2090.28571428571,5.57142857142857,195.08843537415,223195.428571429,4200.71428571429
AP6492,Adidas,TB_TMALL,2837,1372,10,167.494505494506,222234.192307692,7732
APLJ309,李宁,TB_TMALL,7347,7684.66666666667,9,72.8070987654321,199215.333333333,6745
aplk057,李宁,TB_TMALL,3293,2117,33,70.8947368421053,17369,3823
APLK065,李宁,TB_TMALL,3620.5,3097.75,30.5,103.897878224206,288736.573863636,5300
APLK143,李宁,TB_TMALL,6777.33333333333,7034.33333333333,3.33333333333333,81.6111111111111,510830,5289.33333333333
APLL049,李宁,TB_TMALL,1659,1745,22,81.4078431372549,32581.9,3430
APLL127,李宁,TB_TMALL,1289,1745,4,89,136577,1823
APLL133,李宁,TB_TMALL,2844.66666666667,6012.66666666667,3.33333333333333,104.388888888889,546219.666666667,4210.33333333333
APLL139,李宁,TB_TMALL,1616.66666666667,2792.33333333333,4,137.083333333333,366723.666666667,2460.33333333333
AQ6272,Adidas,TB_JISHI,3594.66666666667,2231,294.083333333333,725.278907876512,1400480.95999449,53885.1666666667
AQ6278,Adidas,TB_JISHI,3144.72727272727,2757.09090909091,223.727272727273,661.343980034982,1379853.72285845,19385.5454545455
AQAH202,李宁,TB_TMALL,39869.5714285714,14357.7857142857,7,36.0805555555556,535636.517431973,19480.8571428571
AQAH222,李宁,TB_TMALL,10721.7142857143,3639.28571428571,10,95.3129464285714,345305.223214286,6489.21428571429
AQAH254,李宁,TB_JISHI,12088.5,2363.33333333333,4.91666666666667,28.4427083333333,72763.1875,7253.16666666667
ARBJ001,李宁,TB_TMALL,19013.2222222222,5144.11111111111,39.4444444444444,151.291855107565,790936.282791005,33317.3888888889
ARBJ051,李宁,TB_TMALL,13998,1329,30,151.097402597403,216895,34523
ARBK079,李宁,TB_TMALL,94574.6666666667,9843,8.66666666666667,208.952380952381,1935290,115920.666666667
ARBK086,李宁,TB_TMALL,44971.6666666667,4665,7,201.185185185185,924330.333333333,122376
ARBK099,李宁,TB_TMALL,1412.88888888889,2265.66666666667,2.77777777777778,137.75,284456.888888889,2152.11111111111
ARBL014,李宁,TB_TMALL,2002.33333333333,2369.66666666667,58.6666666666667,396.321805986123,916749.772480346,14144.3333333333
ARBL015,李宁,TB_TMALL,4040.71428571429,3451,62.7142857142857,388.464340488908,1302439.62840457,17783.8571428571
ARBL015,李宁,TB_JISHI,3528.23529411765,3235.88235294118,89.9411764705882,355.787291005689,1038617.36823961,11293.4705882353
ARBL023,李宁,TB_JISHI,412,1316,37,492.218203430703,270130.887731481,3964
ARBL048,李宁,TB_TMALL,2299.33333333333,5811,4,193.083333333333,945573,9896.66666666667
ARBL073,李宁,TB_TMALL,3800,1702,2,239,406778,16815
ARBL075,李宁,TB_TMALL,2938.33333333333,3065.33333333333,5.66666666666667,236.266666666667,675200.333333333,4976
ARHH049,李宁,TB_TMALL,16157.6111111111,4410.55555555556,22.4444444444444,159.46601521164,679410.952380952,18387.2222222222
ARHJ037,李宁,TB_TMALL,30467,3399,36,151.883429946296,599419.620551535,40769.6666666667
ARHK007,李宁,TB_TMALL,27888.8888888889,3683.61111111111,54.1666666666667,241.12829140103,849212.717940013,75002.2222222222
ARHK033,李宁,TB_TMALL,5227,7941.66666666667,26.6666666666667,237.625621600622,1288436.15151515,18910
ARHK047,李宁,TB_TMALL,3763,4683.66666666667,3.33333333333333,219.979797979798,950889.03030303,5148.33333333333
ARHK081,李宁,TB_TMALL,18076.6666666667,2434.33333333333,11.6666666666667,397.033333333333,882865.166666667,24976.3333333333
ARHL009,李宁,TB_TMALL,2579.5,1878.5,30.5,279.292624777184,469002.972619048,9113.5
ARHL018,李宁,TB_TMALL,1371,2262.66666666667,24.6666666666667,287.38925120773,246956.6,20117.3333333333
arhl037,李宁,TB_TMALL,3924,1736,49,363.82703125,598823.425,11888
ARHL051,李宁,TB_TMALL,3397.66666666667,3079.33333333333,5.33333333333333,182.961111111111,525319.666666667,4676.33333333333
ARHL075,李宁,TB_TMALL,1423,3651.66666666667,2.33333333333333,282,1011405,4783
ARJK003,李宁,TB_TMALL,7345.72222222222,8557.22222222222,41.2222222222222,148.284704056849,1231473.45572067,19845.3888888889
ARJL011,李宁,TB_TMALL,4418.33333333333,4959.66666666667,5.33333333333333,196.916666666667,868493.333333333,19137
ARJL013,李宁,TB_TMALL,2171.4375,2295.0625,2.3125,196.34375,449954.9375,7830.625
ARJL014,李宁,TB_TMALL,2312.33333333333,2997,2,185.333333333333,550277,19889.3333333333
AS-9,yonex/尤尼克斯,TB_TMALL,14529.5714285714,4549.21428571429,5,89.7366071428571,403892.098214286,9244.64285714286
AS03,yonex/尤尼克斯,TB_TMALL,2523.33333333333,2066,5,93.4166666666667,192256.583333333,2022.66666666667
AS998,奥象,TB_TMALL,1012.25,2879.9375,1,164.4375,474388.875,7033.5625
atsk089,李宁,TB_TMALL,2493.63636363636,2984.72727272727,46,64.6140437802601,181483.602103452,6687.63636363636
ATSK211,李宁,TB_TMALL,3831.5,5480.25,17,64.1766435946637,323715.5,4232.5
ATSK401,李宁,TB_TMALL,4939,1907.5,1,236,450170,3869.5
ATSK547,李宁,TB_TMALL,2061.35714285714,2093.71428571429,10.2142857142857,54.4655161051774,114322.196203039,6203
ATSL053,李宁,TB_TMALL,1161.66666666667,2594.66666666667,5.66666666666667,65.6388888888889,150517.833333333,1370
ATSL225,李宁,TB_TMALL,9725,6596.33333333333,6,95.5631313131313,431431.151515151,9423
ATSL227,李宁,TB_TMALL,1680,2699.66666666667,3.33333333333333,71.6111111111111,170559,1706.66666666667
ATSL278,李宁,TB_TMALL,1781.33333333333,2881.66666666667,3.33333333333333,76.0555555555556,184772,3473.66666666667
AWSJ215,李宁,TB_TMALL,2752,2332,2.5,10.45,13273.7,851
AX5520,Adidas,TB_TMALL,4668,1656,9,164.672056403635,262336.559770639,17492
AY2772,Adidas,TB_TMALL,2055.8,2203,11.5333333333333,105.86737868961,221948.760990861,6708.6
AY5571,Adidas,TB_TMALL,3074,1601,9,120.632820512821,106015.292307692,17389
AYKK003,李宁,TB_TMALL,3800,3455.66666666667,5.33333333333333,155.586666666667,505270,4632
AYKK061,李宁,TB_TMALL,5018,3622.25,19.5,119.169744144744,418225.954545455,7205.25
AYKK157,李宁,TB_TMALL,8760,5811.66666666667,9.66666666666667,128.2,226587.166666667,9051
AYKK953,李宁,TB_TMALL,4992.78571428571,2104.21428571429,8,104.662698412698,207064.285714286,8630.35714285714
AYKL033,李宁,TB_TMALL,1397,1794,8,156.5,6399,2974
AYPG366-1,李宁,TB_TMALL,50456.1,2142.4,2,204.366470588235,487197.912941176,44845.4
AYTG003,李宁,TB_JISHI,530.111111111111,2449.94444444444,9.27777777777778,121.775308641975,207616.444444444,5354.22222222222
AYTH093,李宁,TB_TMALL,26173.9090909091,2166.45454545455,6,241.283976332071,486508.794256709,47444.8181818182
BGW7,molten/摩腾,TB_TMALL,8402.33333333333,1983.66666666667,5,94.75,189260,7131.33333333333
BM4310215,乔丹,TB_TMALL,31902.5,3226.5,12,153.397129186603,429396,52004.25
C77124,Adidas,TB_JISHI,24641.9444444444,10219.5,548,613.6481109018,4661035.76243489,165978.666666667
C77154,Adidas,TB_JISHI,10101.25,2146.5,196.75,676.602761207933,1475857.76102613,61049
C8,crossway/克洛斯威,TB_TMALL,51279.0909090909,28201.7272727273,1,73.2181818181818,2065870.76363636,30143.6363636364
CML520,paiter,TB_TMALL,10745.4444444444,2903.11111111111,1,49.8666666666667,145059.3,5869
D00001,Adidas,TB_JISHI,46,2334,1,1,2334,15
D0002,Nike,TB_JISHI,43,7936,1,1,7936,17
D66102,Adidas,TB_JISHI,2586.75,2086.83333333333,119,318.021294565149,613405.416666667,9741.08333333333
D66327,Adidas,TB_TMALL,3368.5,2053.6875,7.125,416.923611111111,77548.1631944444,16569.5625
D89129000,Adidas,TB_TMALL,2394,4038,1,46,185748,1014
DH-6003,rigorer/准者,TB_TMALL,11967.0625,6221.875,2.875,41.3229166666667,254180.625,16687.125
DH052937,匹克,TB_TMALL,6211.66666666667,3469.5,24.1111111111111,163.99950359636,482782.222222222,12946
DH520251,匹克,TB_TMALL,53925.2352941177,6606,8.23529411764706,176.21568627451,1067262.82352941,89869.2941176471
DH610327,匹克,TB_TMALL,15485.6666666667,9463,7.77777777777778,229.166092314119,2063230.21637427,54980.8333333333
DH620343,匹克,TB_TMALL,8616.93333333333,7647,7,157.380952380952,1195044.33333333,26173.2666666667
DH620343,匹克,TB_JISHI,6756.66666666667,3998.8,13.4666666666667,181.294155844156,618016.666666667,14091.9333333333
DKF02,eu,TB_JISHI,62,3480,1,8.5,29580,28
E23171A,匹克,TB_TMALL,9505.9375,2326.1875,8.3125,147.489583333333,330836.9375,14381.0625
E43603A,匹克,TB_TMALL,11609,1348,14,287.77380952381,365360.5,29869
E6371A,匹克,TB_TMALL,58185.4285714286,1959.28571428571,37.1428571428571,130.993895677393,246461.142857143,74782.1428571429
EKSL005,乐途/lotto,TB_TMALL,998.666666666667,2250,2,85.3333333333333,191315.333333333,1016.66666666667
ET-KB-003,无极限运动,TB_JISHI,461.75,3378,2.5,67.4166666666667,96909.5,465.75
F662245,匹克,TB_TMALL,1753.4,1855,5.4,57.3952380952381,109277.066666667,2478.4
F741061,匹克,TB_TMALL,1559.5,2160.5,17,82.5625,169376.5,1178
Fa0201,leko,TB_JISHI,385,1939,2,3.9,10173.1,149
FB7-4,dhs/红双喜,TB_TMALL,33749.0714285714,18075.7857142857,1,57.1482142857143,1033888.41785714,12176.0714285714
FC2016T069,Fila,TB_TMALL,781.25,1816,1,29.9,54298.4,1447.25
FED-8005-1,飞尔顿,TB_TMALL,2040,1414,1,191.916666666667,271370.166666667,3483
FV512,dhs/红双喜,TB_TMALL,14840.5714285714,2714.71428571429,1,47.1189285714286,127361.560357143,4289.64285714286
FYQF016,kason/凯胜,TB_TMALL,86310.2142857143,7955.78571428571,1,120.25,956569.482142857,34389.8571428571
G15890,Adidas,TB_JISHI,5481.11111111111,3656.77777777778,205.722222222222,180.310567763756,566742.91361761,16209.6666666667
G61951,Adidas,TB_JISHI,5450.93333333333,3082.73333333333,54,284.452280141603,704030.392235029,28974.2666666667
GHSL015,李宁,TB_TMALL,5543.25,1882,39,82.9161013814354,118559.66,10852.5
GKSL013,李宁,TB_TMALL,2627.66666666667,2261.66666666667,50.3333333333333,101.056899475399,110060.673015873,3323
GLAL007,李宁,TB_TMALL,1298,1833.33333333333,51.3333333333333,280.914576923077,330517.026666667,9955.33333333333
GP1000,李宁,TB_JISHI,3189.33333333333,4808.33333333333,34.6666666666667,29.77,51554.7666666667,1045.33333333333
GP1000,李宁,TB_TMALL,3381.45454545455,4686.09090909091,13.8181818181818,29.77,50274.5863636364,1084.81818181818
GQ001,dhs/红双喜,TB_TMALL,14359.1428571429,15467.2142857143,1,61.4441176470588,950931.190336134,4544.85714285714
H8069,japsom/捷普森,TB_JISHI,238.166666666667,2455.83333333333,1,25,61395.8333333333,795.166666666667
HHSG,辉煌,TB_TMALL,17460.5714285714,2354.85714285714,1,23.5363636363636,55424.774025974,8591.57142857143
hyty,宏远时代体育,TB_JISHI,4125,1438,4,88.5,110389,418
JR-M300,jeeree/吉瑞,TB_TMALL,8934.78571428571,2444.07142857143,1,24,58657.7142857143,3118.35714285714
K-001,kawasaki/川崎,TB_TMALL,8624,1715,7,151.330368173956,280954.339016555,9445
K0412CQ01,Kappa,TB_JISHI,5051,2165.5,1,195.25,324086.5,5407.5
K0412CQ01,Kappa,TB_TMALL,5380.6,2093.8,9.7,201.746666666667,388055.6,5529.9
K0412TD51,Kappa,TB_TMALL,8547.6,2965.8,9.46666666666667,140.251851851852,377625.422222222,11055.9333333333
K0515LT02,Kappa,TB_TMALL,1840.53846153846,3109.07692307692,8.23076923076923,87.0923076923077,207286.384615385,2362.23076923077
K15Z201,kelme,TB_TMALL,1448.26666666667,2574.8,5.8,75.0716635543106,210738.481120448,1963.06666666667
K15Z219,kelme,TB_TMALL,1600.9,2134.6,7,78.3543406593407,171914.067692308,1433
K15Z220,kelme,TB_TMALL,1639,1387,1,85,117895,1315
K15Z251,kelme,TB_TMALL,3943,3173.57142857143,6,63.7321428571429,205689.107142857,2610.85714285714
k15z908,kelme,TB_TMALL,3573.14285714286,3543.42857142857,5,33.3428571428571,121499.535714286,1633.28571428571
K15Z931,kelme,TB_TMALL,3617.78571428571,2938.21428571429,5,27.8433608058608,81752.0904304029,1114.21428571429
K365,kvenstar,TB_JISHI,1909.75,1982,1,89,176398,7023.5
K54221082,361,TB_TMALL,4922.88235294118,2598.70588235294,1.52941176470588,64.7745098039216,164826.833333333,5212.94117647059
K5624119,361,TB_TMALL,1155.7,2031,12,43.9990176490176,86011.9,1339.5
K78410671,361,TB_TMALL,11146.4285714286,2105.57142857143,8.71428571428571,104.775294244682,220888.204081633,13802.4285714286
K79110111,361,TB_TMALL,3489.5625,2217.875,3.75,113.221354166667,238496.104166667,6661.375
K79110121,361,TB_TMALL,5935.5,1709.5,8,116.619047619048,202660.5,9608
K79240041,361,TB_TMALL,2609,1448,5,115,154592,4510
KAEE81313,探路者,TB_TMALL,1298.16666666667,2160.41666666667,22.9166666666667,291.494014754967,577572.444444444,3060.08333333333
KAEE81313,toread/探路者,TB_TMALL,1051,2220.5,23,291.144680500659,607181.666666667,2782.5
KAEE81313,toread/探路者,TB_JISHI,967.5,2131.5,1,274.309090909091,535140,2700
KAEE81313-1,探路者,TB_TMALL,2427.25,3030.58333333333,2,244,639816.083333333,7601.08333333333
KAEE81313-1,toread/探路者,TB_TMALL,1973,2947.83333333333,2,232.622222222222,591831.344444444,6755.33333333333
KAEE81501,探路者,TB_TMALL,24424.5,10880.6666666667,12.75,210.676278813779,2125242.80555556,49418.0833333333
KAEE81501,toread/探路者,TB_TMALL,21271.8333333333,11763.3333333333,14,206.71688034188,2275885.55555556,43810.6666666667
KAEE8250,探路者,TB_TMALL,4412.08333333333,3024.41666666667,4.08333333333333,213.044444444444,637791.138888889,13884.1666666667
KAEE8250,toread/探路者,TB_TMALL,3907.83333333333,3308.33333333333,4,212.75,697566.666666667,13589.3333333333
KAJE81342,探路者,TB_TMALL,2580,1393,18,72.5270588235294,94119,3611
KAJE82522,探路者,TB_TMALL,2943.8,2152.4,12.8,76.7541208791209,148897.933333333,2858.8
KAJE82537 KAJE81536,探路者,TB_TMALL,4011.25,4327.33333333333,1.33333333333333,102.611111111111,445043.222222222,4424.41666666667
KAJE82537 KAJE81536,toread/探路者,TB_TMALL,3228.5,3482.33333333333,1,102.888888888889,359533.777777778,4030.83333333333
KAME81547,探路者,TB_TMALL,2105.91666666667,2407.83333333333,12.3333333333333,280.730967662739,641989.944444444,6055.16666666667
KAME81547,toread/探路者,TB_TMALL,1700,2274.5,12,282.186363636364,676595.5,5588
KAXW15192,八哥,TB_JISHI,426.333333333333,1966.66666666667,23.3333333333333,109.690683760684,209891.666666667,962.333333333333
KB339,dhs/红双喜,TB_TMALL,20165.7142857143,1887.28571428571,1.57142857142857,87,164193.857142857,6319.42857142857
KEBE80508,探路者,TB_TMALL,4971.08333333333,2800.91666666667,15.9166666666667,62.2553172461067,158072.625,9037.66666666667
KEBE80508,toread/探路者,TB_TMALL,4447.83333333333,2593,14,61.0811965811966,140940.444444444,8429.16666666667
KFAE81358,探路者,TB_TMALL,10142.6666666667,1694,16.6666666666667,242.286869448634,349690.666666667,12185
KFEE81314,探路者,TB_TMALL,698,1340,1,279,373860,1699
KFEE81357,探路者,TB_TMALL,2853.66666666667,2747.25,19.75,286.832153555867,738360.583333333,6130.83333333333
KFEE81357,toread/探路者,TB_TMALL,2341.66666666667,3249.66666666667,19.6666666666667,277.819697485476,869990.416666667,5841.66666666667
KFFE81320-1,探路者,TB_TMALL,3849.75,2227.91666666667,2,257.347222222222,550032,5900
KFFE81320-1,toread/探路者,TB_TMALL,3535.16666666667,2284.83333333333,2,245.844444444444,556190.816666667,5703
KFFE81336,探路者,TB_TMALL,1772,1360,11,297.454,366802,4096
L-1单双,足乐途,TB_JISHI,347.769230769231,6246.23076923077,2.84615384615385,6.5,40600.5,47.6923076923077
L080,lambda/兰帕达,TB_TMALL,41186.1428571429,17577,1,41.25,731600.571428571,30533.2142857143
L1,m,TB_JISHI,3271.5,2101.33333333333,1,21.35,44863.4666666667,10857.1666666667
LBQK019,李宁,TB_TMALL,8056.33333333333,2130.11111111111,7,94.5811287477954,196292.111111111,7885.11111111111
LBQK025,李宁,TB_TMALL,18405.7142857143,12488.7142857143,5,88.057619047619,943369.514285714,12706.2142857143
LBQK151,李宁,TB_TMALL,9182.21428571429,5402.92857142857,2,59.6666666666667,329493.80952381,10572.7142857143
LFQK035,李宁,TB_TMALL,17839.0625,11993.8125,6.375,63.0193452380952,659225.677083333,8502
LJSK3001,李宁,TB_TMALL,877.8,2281,1.6,91,207607,817.6
LJSK608,李宁,TB_TMALL,5843.25,1993.25,1,45.5,90628.25,1936
LNYMQP,李宁,TB_TMALL,8289.92857142857,2339.78571428571,2,206.315625,544922.413010204,28769.2142857143
LP647,lp,TB_TMALL,7247.66666666667,1932.66666666667,14,69.5234848484848,176753.786111111,11565.6666666667
LPZH788,lp,TB_TMALL,27173.2857142857,4242.64285714286,1,169.75,721221.928571429,30060.5714285714
LQAH916,李宁,TB_TMALL,3084.1875,7285.75,1.875,42.03125,337268.604166667,2838.8125
LQPU015,李宁,TB_TMALL,4377.92857142857,2755.14285714286,1,67.5,185850.071428571,4027.78571428571
LSJK002,李宁,TB_TMALL,8877,1526,2,110.55,205276.5,3810
LSJK326,李宁,TB_TMALL,6124.9375,4353.9375,9.75,47.1753867845118,190129.519223485,2548
LSJK508,李宁,TB_TMALL,44052.8461538462,3713.23076923077,11.6153846153846,47.321996010307,175591.87310378,19484
LSJK508,李宁,TB_JISHI,47874,3123.66666666667,36,43.7289659615747,130021.307305979,21547.3333333333
LSJK518-5,李宁,TB_TMALL,60105.0625,17573.125,3.625,63.3697067481884,1029161.09137228,27680.75
LSJK555,李宁,TB_TMALL,3934,2853.28571428571,1,152.261904761905,434002.238095238,4791
LSJK608-1,李宁,TB_TMALL,1218.375,3492.125,1,46.484375,160757.59375,3246.625
LSJK666,李宁,TB_TMALL,15891.4285714286,7071.14285714286,2,109.933035714286,742515.583333333,11496.7142857143
LSJK707,李宁,TB_TMALL,4037,2035.2,3.4,13.36,25386.8,1228.6
LSJK726,李宁,TB_TMALL,4595.5,2286.41666666667,12.6666666666667,24.7955555555556,55077.2,1696.33333333333
LSJK807,李宁,TB_TMALL,1816,1577,1,28.6,45102.2,1201
LSJK808,李宁,TB_TMALL,43997.25,14003.9375,15.1875,24.6041417531738,419029.948421717,10769.4375
LSJK928,李宁,TB_TMALL,10778.75,9795.875,11.6875,67.898776614011,658971.29296875,6212.4375
LSJL308916,李宁,TB_TMALL,1098.71428571429,2509,1,89.8571428571429,226608.428571429,1205.85714285714
LSJL617-6,李宁,TB_TMALL,16067.5833333333,20399.3333333333,1,57.0236111111111,1162344.61388889,12205.5833333333
LSJL623,李宁,TB_TMALL,2573.76923076923,3964,3.92307692307692,54.9394007803791,211991.25409699,3365
LSJL747,李宁,TB_TMALL,1698.33333333333,2041.33333333333,13,67.5833333333333,103307,3661
M2000/M300/M600/M370/M500,yonex/尤尼克斯,TB_TMALL,2320.5,1828,1,85.5,156294,1438
M20324,Adidas,TB_JISHI,23772.1111111111,7339.05555555556,539.722222222222,651.442225524335,3525417.79942025,124964.055555556
M20605,Adidas,TB_JISHI,10882.4705882353,2450.17647058824,249.529411764706,687.02947732786,1611000.72892465,59024.3529411765
M215354002,jeeree/吉瑞,TB_TMALL,5447.28571428571,3722.78571428571,1,29,110081.071428571,5418.5
MPWD-001,名品,TB_JISHI,6922,3651,1,88,321288,3021
nba,篮球服,TB_JISHI,475.25,2036,3,70.7070085470085,123674.513846154,2825.5
NBA-BAL15016,nba,TB_TMALL,14863,6708,1,48,321984,19650
NBA球裤,篮球裤,TB_JISHI,6310.54545454545,2339.90909090909,3.09090909090909,52.982968181473,118167.303067241,3917.09090909091
NK003,Nike,TB_JISHI,1712,3539.75,2.91666666666667,9.20833333333333,33816.45,541
NKNNN07010OS,Nike,TB_TMALL,29692.3571428571,6437.28571428571,1,40.5,261396,24441.4285714286
NNN04010OS,Nike,TB_TMALL,18297.6428571429,2740.35714285714,1,47.25,129755.25,11222.2142857143
No.5,rsl/亚狮龙,TB_TMALL,1636.28571428571,3073.71428571429,2,77.225,235911.342857143,1285.64285714286
No.5/No.6/No.7,rsl/亚狮龙,TB_TMALL,8701.77777777778,2173.33333333333,1.11111111111111,69.125,150231.666666667,4248.55555555556
No.7,rsl/亚狮龙,TB_TMALL,16025.0714285714,6693.57142857143,1,68.3875,457756.039285714,9430
OM1540273,乔丹,TB_TMALL,2751.57142857143,1990.85714285714,8.14285714285714,137.857142857143,296039.142857143,9674.57142857143
OM1641880,乔丹,TB_TMALL,36280.4444444444,2750.44444444444,2.27777777777778,169.694444444444,455836.222222222,53964.6666666667
OM4530297,乔丹,TB_TMALL,46145.6666666667,9474,13.3333333333333,156.25,1275554.33333333,41659.3333333333
PN10030MA-7,Adidas,TB_TMALL,763,1539,2,119,72947,2508
PN40-5,Adidas,TB_TMALL,548,1331,2,119,45815,2006
PRO紧身长裤,pro,TB_JISHI,1506.8,2294.8,1,27.1238095238095,62062.5857142857,1798.8
Q34183,Adidas,TB_JISHI,1186.5,2283.41666666667,32.0833333333333,330.802538108556,727901.333333333,11245.5
qf-3101,通用,TB_JISHI,5950,5651,1,99.5,562274.5,5223
QF-3103,熊老大,TB_JISHI,112,2621,1,145.665,381787.965,2475
QM1461581,乔丹,TB_TMALL,1116.6,2062.3,1,98.65,203422.55,4499.7
RBZ,taylormade,TB_JISHI,207,4491,8,1396.126875,27013.365,770
S008,斯诺克特,TB_TMALL,12575.8571428571,3569.28571428571,1,20.625,73616.5178571429,4595.64285714286
S02501,ucan/锐克,TB_TMALL,17633.3888888889,7350.27777777778,1,65,477768.055555556,8212.44444444445
S03011,Adidas,TB_TMALL,2242.44444444444,2403.61111111111,5.5,148.756628292343,111933.47726612,8346.22222222222
S05568,ucan/锐克,TB_JISHI,2465,4409.33333333333,10.7333333333333,76.947619047619,323186.511111111,4820.66666666667
S06257,ucan/锐克,TB_TMALL,2670.05555555556,5413.22222222222,1.94444444444444,83.25,451666.138888889,1458.61111111111
S06258,ucan/锐克,TB_TMALL,351.333333333333,1789,1,79,141331,236
S09670,Adidas,TB_JISHI,1125.5,2145,23,150.25536830894,245138.222222222,3852
S17627,Adidas,TB_TMALL,3514,1413,18,142.8,88653,6612
S17980,Adidas,TB_TMALL,2419,1373,11,155.922222222222,226056.2,4554
S24755,Adidas,TB_JISHI,2132.25,2575.75,64.5,169.382201630881,354516.82037037,20438.0833333333
S27793,Adidas,TB_TMALL,12297.8571428571,2548.85714285714,7,66.6747448979592,181064.413265306,16695.4285714286
S75382,Adidas,TB_JISHI,1559,2815.26666666667,67.4666666666667,537.796498117787,1368683.35620017,19791.6
S77252,Adidas,TB_JISHI,1941.6,2311,137.2,318.039029909835,588885,11847.2
S77416,Adidas,TB_JISHI,3122,3540.75,133.75,1540.50842036321,916718.670360527,29232.5
S79162,Adidas,TB_JISHI,6743.8,2168,284.4,1880.77396798806,3739425.66908586,30487.2
S81337,Adidas,TB_JISHI,9579.46666666667,3136.93333333333,231.866666666667,651.912650456999,1630482.48698062,74728.3333333333
SD3205BK2,New Balance,TB_JISHI,3373.88888888889,4622.61111111111,49.8888888888889,501.536851492292,2559049.80752422,64253.2777777778
SD3205GR1/SD3205BL1,New Balance,TB_JISHI,1885,1698,3,453.333333333333,1012986,16784
SH-A501,victor/威克多,TB_TMALL,14636.5714285714,2677.35714285714,9,201.62630581723,508100.726628747,21011.5
SH1001,Converse,TB_TMALL,97304.9444444444,16530.3333333333,27.3333333333333,222.660297997556,2445501.71037991,293923.277777778
SH1007,Converse,TB_TMALL,66717.1666666667,6261,33.9444444444444,247.346594522386,1143932.58809239,290730.888888889
SH1008,Converse,TB_TMALL,11492.1666666667,4646.11111111111,19,305.164129528113,636719.016152667,103162.333333333
SH1940,Converse,TB_TMALL,5525.4,1792.6,20.2,325.61183248938,326323.550118495,30611.4
SH4005,Converse,TB_TMALL,7228.61538461538,2182.84615384615,14,334.72192763689,407687.726496145,80677.4615384615
shb-37c,yonex/尤尼克斯,TB_TMALL,20239.6666666667,2145.75,1.75,373.804963246061,817978.347311082,35625.5833333333
SJSG,辉煌,TB_TMALL,6566.5,8745.71428571429,1,33,288608.571428571,11887.5714285714
SX4750,Nike,TB_TMALL,3817.66666666667,2539,2.66666666666667,48.3333333333333,49656.6666666667,3581.66666666667
SX4987,Nike,TB_TMALL,4053,2183,3,67,150469,2343.33333333333
T-305,探路虎,TB_JISHI,9403.07142857143,3195.71428571429,1,36.5,116643.571428571,13204.8571428571
T51,crossway/克洛斯威,TB_TMALL,4073,3130.28571428571,1,109,341201.142857143,3683.78571428571
TAED824,探路者,TB_TMALL,841,1511,1,239,361129,1877
TAEE81885,探路者,TB_TMALL,4353,2376.75,5.16666666666667,221.777777777778,489262.416666667,14105.9166666667
TAEE81885,toread/探路者,TB_TMALL,4031.5,2826,5,223,592577.333333333,13756.3333333333
TAEE8285,探路者,TB_TMALL,3674.25,2934.16666666667,1,253.722222222222,744798.333333333,18511.8333333333
TAEE8285,toread/探路者,TB_TMALL,3184,3025.83333333333,1,252.888888888889,765683.055555556,17697.1666666667
TAJD81517,探路者,TB_TMALL,1738,1506,16,101.742307692308,104512.45,2180
TAJE81839,探路者,TB_TMALL,3129.83333333333,1986,22.3333333333333,101.904022081189,182212.111111111,4564
TAJE82592,探路者,TB_TMALL,14021.5,5639.91666666667,1,73,411395.583333333,10731.3333333333
TAJE82592,toread/探路者,TB_TMALL,12885.1666666667,5093.5,1,72.8888888888889,372282.611111111,10090.3333333333
TAMD82718,tlz,TB_JISHI,330,2897,1,152.4,441502.8,30
tb93692884,kobe,TB_JISHI,83,28760,1,1,28760,3
TEBE80831,探路者,TB_TMALL,4397.8,2079.8,19.2,99.192380952381,183018.966666667,13917.6
TFEB81021,探路者,TB_TMALL,3422,1803,4,262.5,448143,8457
TFGE81955,探路者,TB_TMALL,442,1310,3,169,221390,2040
TFJD81033,探路者,TB_TMALL,1251,1367,18,197.664285714286,208675.5,2129
TJCJ15113-D,探路者,TB_TMALL,1501,1768.33333333333,2.66666666666667,108.62962962963,185590.555555556,2267
TW6188B00,探路者,TB_TMALL,2941.75,2617.75,11,64.7085858585859,159040,6218.375
TZ0781,李宁,TB_TMALL,871,1780.66666666667,1,139,247512.666666667,1467.33333333333
TZAHSJ153,李宁,TB_TMALL,2620.5,2028.5,1.7,124.6853125,247244,3517.5
TZATSK211,李宁,TB_TMALL,957.666666666667,2123.33333333333,2,118.833333333333,253804.833333333,3404.33333333333
USA0529,哈登,TB_JISHI,3625,2522,1,163.5,412347,5311
VN-0D3HY28,VANS,TB_JISHI,8759.69230769231,2391.15384615385,212.923076923077,279.884868324297,769095.642099306,34802.5384615385
VN-0EE3BLK,VANS,TB_JISHI,4912.8,2071.8,67.2,272.925530271617,594912.336676391,23660.8
WK929,威尔康,TB_JISHI,717,1866,1,24.3,45343.8,193
WLQ-01,斯诺克特,TB_TMALL,21707.2142857143,2641.42857142857,1,23.1321428571429,61040.5892857143,6285.78571428571
WQ007,骐煌,TB_TMALL,21005.1111111111,3042,1,127.283333333333,387058.705555556,20589.5555555556
wsl010,武士龙,TB_TMALL,2444,2269.6,1,116,263273.6,1754.8
XKS2556702,乔丹,TB_TMALL,4673.33333333333,1770.66666666667,8.33333333333333,75.3333333333333,130499.333333333,5545.33333333333
XM1550209,乔丹,TB_TMALL,26099.6875,2383.6875,1,165.875,396879.75,31329.1875
XM1550326,乔丹,TB_TMALL,22158.8666666667,2425.13333333333,22.8,182.41746659138,394433.533333333,40299.4666666667
XM1560239,乔丹,TB_TMALL,2609.57142857143,2366.14285714286,5.57142857142857,158.78231292517,361983.857142857,4487.14285714286
XM1560246,乔丹,TB_TMALL,4823.61111111111,2279.27777777778,17.5,169.671051874856,364515.944444444,12304.6666666667
XM1560252,乔丹,TB_TMALL,20041.7222222222,15431.2777777778,2,170.25,2623417.88888889,33439.6111111111
XM1660201,乔丹,TB_TMALL,4274,1414,5,199,254196,33124
XM2560203,乔丹,TB_TMALL,2371,1970,4.66666666666667,179,351556,6804
XM2560230,乔丹,TB_TMALL,1972,2221,14.6666666666667,180.933621933622,383599,3742
XM2560233,乔丹,TB_TMALL,2952.33333333333,2116.66666666667,20,170.083333333333,331976.666666667,8053
XM2560325,乔丹,TB_TMALL,7390.94117647059,7276.05882352941,6.88235294117647,202.196078431373,1365502.15686275,30224.4117647059
XM2660232,乔丹,TB_TMALL,4508.83333333333,4093.66666666667,2,164.416666666667,663933.833333333,12393.7222222222
XM2660346,乔丹,TB_TMALL,2275.5,1674,11,165.857142857143,234546,12526
XM3550126,乔丹,TB_TMALL,8159,1976,4.85714285714286,229.238095238095,394521.857142857,22397.4285714286
XM3651823,乔丹,TB_TMALL,7231.90909090909,2142.18181818182,6.90909090909091,156.42784992785,310714.363636364,28182.5454545455
XM4550333,乔丹,TB_TMALL,11276.7777777778,2476.83333333333,5.77777777777778,222.4,526418.444444444,25382.2777777778
XNT3544901,乔丹,TB_TMALL,2151.6,1932.8,10.6,121.029953379953,192390.430769231,2275.4
Y-W5,骐煌,TB_TMALL,3582.44444444444,7396.83333333333,1,22.7240740740741,169280.224074074,2217.72222222222
YLT126,赢乐途,TB_JISHI,13,2050,1,13,26650,34
YLT126,珍玥琦,TB_JISHI,15,2127,1,19,40413,101
YLT199,赢乐途,TB_JISHI,3269.25,2633.5,1,17.5,46228.5,3072
YSH06/02,dhs/红双喜,TB_TMALL,49545.2142857143,7777.92857142857,1,39.3229910714286,305185.034598214,26028.2857142857
YTC330,陶阳,TB_TMALL,7128.6,2187.8,1,21.9930555555556,48116.4069444446,2330.8
Yy1802,陶阳,TB_TMALL,2723.5,2602.92857142857,1,37.5714285714286,97493.5,9342.64285714286
yy1809,陶阳,TB_TMALL,1702.07142857143,3624.07142857143,1,40.16,145542.708571429,3489.64285714286
YY耐打羽毛球,yonex/尤尼克斯,TB_TMALL,1735.35714285714,2624.35714285714,1,91.5,240236.267857143,937.428571428571
Z32603,Adidas,TB_TMALL,2072.71428571429,2297.28571428571,1,99,227431.285714286,5122
